STRUCTURE,STRUCTURE_ID,STRUCTURE_NAME,ACTION,REF_AREA,,FREQ,,MEASURE,,UNIT_MEASURE,,GEO_AREA,,AGE,,SEX,,EDUCATION_LEVEL,,INCOME_GROUP,,EMP_STATUS,,TIME_PERIOD,,OBS_VALUE,,OBS_STATUS,,OBS_STATUS_2,,OBS_STATUS_3,,UNIT_MULT,,TIME_HORIZON_USE,,DECIMALS,,BREAKDOWN_V7_HH,
DATAFLOW,OECD.STI.DEP:DSD_ICT_HH_IND@DF_IND(1.0),,I,ITA,,A,,D1H_I,,PT_POP,,_Z,,Y16T74,,_T,,_T,,_T,,_T,,2005,,8.7271,,A,,,,,,0,,,,2,,IND_TOTAL,
DATAFLOW,OECD.STI.DEP:DSD_ICT_HH_IND@DF_IND(1.0),,I,ITA,,A,,D1H_I,,PT_POP,,_Z,,Y16T74,,_T,,_T,,_T,,_T,,2006,,12.3409,,A,,,,,,0,,,,2,,IND_TOTAL,
DATAFLOW,OECD.STI.DEP:DSD_ICT_HH_IND@DF_IND(1.0),,I,ITA,,A,,D1H_I,,PT_POP,,_Z,,Y16T74,,_T,,_T,,_T,,_T,,2007,,15.7477,,A,,,,,,0,,,,2,,IND_TOTAL,
DATAFLOW,OECD.STI.DEP:DSD_ICT_HH_IND@DF_IND(1.0),,I,ITA,,A,,D1H_I,,PT_POP,,_Z,,Y16T74,,_T,,_T,,_T,,_T,,2008,,16.435,,A,,,,,,0,,,,2,,IND_TOTAL,
DATAFLOW,OECD.STI.DEP:DSD_ICT_HH_IND@DF_IND(1.0),,I,ITA,,A,,D1H_I,,PT_POP,,_Z,,Y16T74,,_T,,_T,,_T,,_T,,2009,,20.6616,,A,,,,,,0,,,,2,,IND_TOTAL,
DATAFLOW,OECD.STI.DEP:DSD_ICT_HH_IND@DF_IND(1.0),,I,ITA,,A,,D1H_I,,PT_POP,,_Z,,Y16T74,,_T,,_T,,_T,,_T,,2010,,22.8908,,A,,,,,,0,,,,2,,IND_TOTAL,
DATAFLOW,OECD.STI.DEP:DSD_ICT_HH_IND@DF_IND(1.0),,I,ITA,,A,,D1H_I,,PT_POP,,_Z,,Y16T74,,_T,,_T,,_T,,_T,,2011,,27.1138,,A,,,,,,0,,,,2,,IND_TOTAL,
DATAFLOW,OECD.STI.DEP:DSD_ICT_HH_IND@DF_IND(1.0),,I,ITA,,A,,D1H_I,,PT_POP,,_Z,,Y16T74,,_T,,_T,,_T,,_T,,2013,,32.1644,,A,,,,,,0,,,,2,,IND_TOTAL,
DATAFLOW,OECD.STI.DEP:DSD_ICT_HH_IND@DF_IND(1.0),,I,ITA,,A,,D1H_I,,PT_POP,,_Z,,Y16T74,,_T,,_T,,_T,,_T,,2015,,30.3845,,A,,,,,,0,,,,2,,IND_TOTAL,
DATAFLOW,OECD.STI.DEP:DSD_ICT_HH_IND@DF_IND(1.0),,I,ITA,,A,,D1H_I,,PT_POP,,_Z,,Y16T74,,_T,,_T,,_T,,_T,,2016,,31.4366,,A,,,,,,0,,,,2,,IND_TOTAL,
DATAFLOW,OECD.STI.DEP:DSD_ICT_HH_IND@DF_IND(1.0),,I,ITA,,A,,D1H_I,,PT_POP,,_Z,,Y16T74,,_T,,_T,,_T,,_T,,2017,,32.6941,,A,,,,,,0,,,,2,,IND_TOTAL,
DATAFLOW,OECD.STI.DEP:DSD_ICT_HH_IND@DF_IND(1.0),,I,ITA,,A,,D1H_I,,PT_POP,,_Z,,Y16T74,,_T,,_T,,_T,,_T,,2018,,35.0733,,A,,,,,,0,,,,2,,IND_TOTAL,
DATAFLOW,OECD.STI.DEP:DSD_ICT_HH_IND@DF_IND(1.0),,I,ITA,,A,,D1H_I,,PT_POP,,_Z,,Y16T74,,_T,,_T,,_T,,_T,,2019,,34.9975,,A,,,,,,0,,,,2,,IND_TOTAL,
DATAFLOW,OECD.STI.DEP:DSD_ICT_HH_IND@DF_IND(1.0),,I,ITA,,A,,D1H_I,,PT_POP,,_Z,,Y16T74,,_T,,_T,,_T,,_T,,2020,,46.2147,,A,,,,,,0,,,,2,,IND_TOTAL,
DATAFLOW,OECD.STI.DEP:DSD_ICT_HH_IND@DF_IND(1.0),,I,ITA,,A,,D1H_I,,PT_POP,,_Z,,Y16T74,,_T,,_T,,_T,,_T,,2021,,52.5034,,A,,,,,,0,,,,2,,IND_TOTAL,
DATAFLOW,OECD.STI.DEP:DSD_ICT_HH_IND@DF_IND(1.0),,I,ITA,,A,,D1H_I,,PT_POP,,_Z,,Y16T74,,_T,,_T,,_T,,_T,,2022,,52.2272,,A,,,,,,0,,,,2,,IND_TOTAL,
DATAFLOW,OECD.STI.DEP:DSD_ICT_HH_IND@DF_IND(1.0),,I,ITA,,A,,D1H_I,,PT_POP,,_Z,,Y16T74,,_T,,_T,,_T,,_T,,2023,,52.8229,,A,,,,,,0,,,,2,,IND_TOTAL,
DATAFLOW,OECD.STI.DEP:DSD_ICT_HH_IND@DF_IND(1.0),,I,FRA,,A,,D1H_I,,PT_POP,,_Z,,Y16T74,,_T,,_T,,_T,,_T,,2006,,12.9683,,A,,,,,,0,,,,2,,IND_TOTAL,
DATAFLOW,OECD.STI.DEP:DSD_ICT_HH_IND@DF_IND(1.0),,I,FRA,,A,,D1H_I,,PT_POP,,_Z,,Y16T74,,_T,,_T,,_T,,_T,,2007,,29.4811,,A,,,,,,0,,,,2,,IND_TOTAL,
DATAFLOW,OECD.STI.DEP:DSD_ICT_HH_IND@DF_IND(1.0),,I,FRA,,A,,D1H_I,,PT_POP,,_Z,,Y16T74,,_T,,_T,,_T,,_T,,2008,,38.7672,,A,,,,,,0,,,,2,,IND_TOTAL,
DATAFLOW,OECD.STI.DEP:DSD_ICT_HH_IND@DF_IND(1.0),,I,FRA,,A,,D1H_I,,PT_POP,,_Z,,Y16T74,,_T,,_T,,_T,,_T,,2009,,37.3737,,A,,,,,,0,,,,2,,IND_TOTAL,
DATAFLOW,OECD.STI.DEP:DSD_ICT_HH_IND@DF_IND(1.0),,I,FRA,,A,,D1H_I,,PT_POP,,_Z,,Y16T74,,_T,,_T,,_T,,_T,,2010,,35.0303,,A,,,,,,0,,,,2,,IND_TOTAL,
DATAFLOW,OECD.STI.DEP:DSD_ICT_HH_IND@DF_IND(1.0),,I,FRA,,A,,D1H_I,,PT_POP,,_Z,,Y16T74,,_T,,_T,,_T,,_T,,2011,,36.4543,,A,,,,,,0,,,,2,,IND_TOTAL,
DATAFLOW,OECD.STI.DEP:DSD_ICT_HH_IND@DF_IND(1.0),,I,FRA,,A,,D1H_I,,PT_POP,,_Z,,Y16T74,,_T,,_T,,_T,,_T,,2013,,48.5859,,A,,,,,,0,,,,2,,IND_TOTAL,
DATAFLOW,OECD.STI.DEP:DSD_ICT_HH_IND@DF_IND(1.0),,I,FRA,,A,,D1H_I,,PT_POP,,_Z,,Y16T74,,_T,,_T,,_T,,_T,,2015,,39.98,,A,,,,,,0,,,,2,,IND_TOTAL,
DATAFLOW,OECD.STI.DEP:DSD_ICT_HH_IND@DF_IND(1.0),,I,FRA,,A,,D1H_I,,PT_POP,,_Z,,Y16T74,,_T,,_T,,_T,,_T,,2016,,42.5453,,A,,,,,,0,,,,2,,IND_TOTAL,
DATAFLOW,OECD.STI.DEP:DSD_ICT_HH_IND@DF_IND(1.0),,I,FRA,,A,,D1H_I,,PT_POP,,_Z,,Y16T74,,_T,,_T,,_T,,_T,,2017,,43.6012,,A,,,,,,0,,,,2,,IND_TOTAL,
DATAFLOW,OECD.STI.DEP:DSD_ICT_HH_IND@DF_IND(1.0),,I,FRA,,A,,D1H_I,,PT_POP,,_Z,,Y16T74,,_T,,_T,,_T,,_T,,2018,,45.9291,,A,,,,,,0,,,,2,,IND_TOTAL,
DATAFLOW,OECD.STI.DEP:DSD_ICT_HH_IND@DF_IND(1.0),,I,FRA,,A,,D1H_I,,PT_POP,,_Z,,Y16T74,,_T,,_T,,_T,,_T,,2019,,49.5888,,A,,,,,,0,,,,2,,IND_TOTAL,
DATAFLOW,OECD.STI.DEP:DSD_ICT_HH_IND@DF_IND(1.0),,I,FRA,,A,,D1H_I,,PT_POP,,_Z,,Y16T74,,_T,,_T,,_T,,_T,,2021,,56.0737,,A,,,,,,0,,,,2,,IND_TOTAL,
DATAFLOW,OECD.STI.DEP:DSD_ICT_HH_IND@DF_IND(1.0),,I,FRA,,A,,D1H_I,,PT_POP,,_Z,,Y16T74,,_T,,_T,,_T,,_T,,2022,,50.2614,,A,,,,,,0,,,,2,,IND_TOTAL,
DATAFLOW,OECD.STI.DEP:DSD_ICT_HH_IND@DF_IND(1.0),,I,FRA,,A,,D1H_I,,PT_POP,,_Z,,Y16T74,,_T,,_T,,_T,,_T,,2023,,55.1463,,A,,,,,,0,,,,2,,IND_TOTAL,
DATAFLOW,OECD.STI.DEP:DSD_ICT_HH_IND@DF_IND(1.0),,I,EU28,,A,,D1H_I,,PT_POP,,_Z,,Y16T74,,_T,,_T,,_T,,_T,,2007,,23.7853,,A,,,,,,0,,,,2,,IND_TOTAL,
DATAFLOW,OECD.STI.DEP:DSD_ICT_HH_IND@DF_IND(1.0),,I,EU28,,A,,D1H_I,,PT_POP,,_Z,,Y16T74,,_T,,_T,,_T,,_T,,2008,,27.4739,,A,,,,,,0,,,,2,,IND_TOTAL,
DATAFLOW,OECD.STI.DEP:DSD_ICT_HH_IND@DF_IND(1.0),,I,EU28,,A,,D1H_I,,PT_POP,,_Z,,Y16T74,,_T,,_T,,_T,,_T,,2009,,32.5979,,A,,,,,,0,,,,2,,IND_TOTAL,
DATAFLOW,OECD.STI.DEP:DSD_ICT_HH_IND@DF_IND(1.0),,I,EU28,,A,,D1H_I,,PT_POP,,_Z,,Y16T74,,_T,,_T,,_T,,_T,,2010,,33.7551,,A,,,,,,0,,,,2,,IND_TOTAL,
DATAFLOW,OECD.STI.DEP:DSD_ICT_HH_IND@DF_IND(1.0),,I,EU28,,A,,D1H_I,,PT_POP,,_Z,,Y16T74,,_T,,_T,,_T,,_T,,2011,,38.1899,,A,,,,,,0,,,,2,,IND_TOTAL,
DATAFLOW,OECD.STI.DEP:DSD_ICT_HH_IND@DF_IND(1.0),,I,EU28,,A,,D1H_I,,PT_POP,,_Z,,Y16T74,,_T,,_T,,_T,,_T,,2013,,43.7698,,A,,,,,,0,,,,2,,IND_TOTAL,
DATAFLOW,OECD.STI.DEP:DSD_ICT_HH_IND@DF_IND(1.0),,I,EU28,,A,,D1H_I,,PT_POP,,_Z,,Y16T74,,_T,,_T,,_T,,_T,,2015,,45.9527,,A,,,,,,0,,,,2,,IND_TOTAL,
DATAFLOW,OECD.STI.DEP:DSD_ICT_HH_IND@DF_IND(1.0),,I,EU28,,A,,D1H_I,,PT_POP,,_Z,,Y16T74,,_T,,_T,,_T,,_T,,2016,,48.2412,,A,,,,,,0,,,,2,,IND_TOTAL,
DATAFLOW,OECD.STI.DEP:DSD_ICT_HH_IND@DF_IND(1.0),,I,EU28,,A,,D1H_I,,PT_POP,,_Z,,Y16T74,,_T,,_T,,_T,,_T,,2017,,51.0845,,A,,,,,,0,,,,2,,IND_TOTAL,
DATAFLOW,OECD.STI.DEP:DSD_ICT_HH_IND@DF_IND(1.0),,I,EU28,,A,,D1H_I,,PT_POP,,_Z,,Y16T74,,_T,,_T,,_T,,_T,,2018,,51.5449,,A,,,,,,0,,,,2,,IND_TOTAL,
DATAFLOW,OECD.STI.DEP:DSD_ICT_HH_IND@DF_IND(1.0),,I,EU28,,A,,D1H_I,,PT_POP,,_Z,,Y16T74,,_T,,_T,,_T,,_T,,2019,,54.9234,,A,,,,,,0,,,,2,,IND_TOTAL,
DATAFLOW,OECD.STI.DEP:DSD_ICT_HH_IND@DF_IND(1.0),,I,EU27,,A,,D1H_I,,PT_POP,,_Z,,Y16T74,,_T,,_T,,_T,,_T,,2007,,24.3053,,A,,,,,,0,,,,2,,IND_TOTAL,
DATAFLOW,OECD.STI.DEP:DSD_ICT_HH_IND@DF_IND(1.0),,I,EU27,,A,,D1H_I,,PT_POP,,_Z,,Y16T74,,_T,,_T,,_T,,_T,,2008,,27.6726,,A,,,,,,0,,,,2,,IND_TOTAL,
DATAFLOW,OECD.STI.DEP:DSD_ICT_HH_IND@DF_IND(1.0),,I,EU27,,A,,D1H_I,,PT_POP,,_Z,,Y16T74,,_T,,_T,,_T,,_T,,2009,,32.3527,,A,,,,,,0,,,,2,,IND_TOTAL,
DATAFLOW,OECD.STI.DEP:DSD_ICT_HH_IND@DF_IND(1.0),,I,EU27,,A,,D1H_I,,PT_POP,,_Z,,Y16T74,,_T,,_T,,_T,,_T,,2010,,33.9702,,A,,,,,,0,,,,2,,IND_TOTAL,
DATAFLOW,OECD.STI.DEP:DSD_ICT_HH_IND@DF_IND(1.0),,I,EU27,,A,,D1H_I,,PT_POP,,_Z,,Y16T74,,_T,,_T,,_T,,_T,,2011,,38.4604,,A,,,,,,0,,,,2,,IND_TOTAL,
DATAFLOW,OECD.STI.DEP:DSD_ICT_HH_IND@DF_IND(1.0),,I,EU27,,A,,D1H_I,,PT_POP,,_Z,,Y16T74,,_T,,_T,,_T,,_T,,2013,,43.5715,,A,,,,,,0,,,,2,,IND_TOTAL,
DATAFLOW,OECD.STI.DEP:DSD_ICT_HH_IND@DF_IND(1.0),,I,EU27,,A,,D1H_I,,PT_POP,,_Z,,Y16T74,,_T,,_T,,_T,,_T,,2015,,44.9762,,A,,,,,,0,,,,2,,IND_TOTAL,
DATAFLOW,OECD.STI.DEP:DSD_ICT_HH_IND@DF_IND(1.0),,I,EU27,,A,,D1H_I,,PT_POP,,_Z,,Y16T74,,_T,,_T,,_T,,_T,,2016,,47.131,,A,,,,,,0,,,,2,,IND_TOTAL,
DATAFLOW,OECD.STI.DEP:DSD_ICT_HH_IND@DF_IND(1.0),,I,EU27,,A,,D1H_I,,PT_POP,,_Z,,Y16T74,,_T,,_T,,_T,,_T,,2017,,50.2663,,A,,,,,,0,,,,2,,IND_TOTAL,
DATAFLOW,OECD.STI.DEP:DSD_ICT_HH_IND@DF_IND(1.0),,I,EU27,,A,,D1H_I,,PT_POP,,_Z,,Y16T74,,_T,,_T,,_T,,_T,,2018,,50.5815,,A,,,,,,0,,,,2,,IND_TOTAL,
DATAFLOW,OECD.STI.DEP:DSD_ICT_HH_IND@DF_IND(1.0),,I,EU27,,A,,D1H_I,,PT_POP,,_Z,,Y16T74,,_T,,_T,,_T,,_T,,2019,,53.1836,,A,,,,,,0,,,,2,,IND_TOTAL,
DATAFLOW,OECD.STI.DEP:DSD_ICT_HH_IND@DF_IND(1.0),,I,EU27,,A,,D1H_I,,PT_POP,,_Z,,Y16T74,,_T,,_T,,_T,,_T,,2020,,56.2361,,A,,,,,,0,,,,2,,IND_TOTAL,
DATAFLOW,OECD.STI.DEP:DSD_ICT_HH_IND@DF_IND(1.0),,I,EU27,,A,,D1H_I,,PT_POP,,_Z,,Y16T74,,_T,,_T,,_T,,_T,,2021,,55.2689,,B,,,,,,0,,,,2,,IND_TOTAL,
DATAFLOW,OECD.STI.DEP:DSD_ICT_HH_IND@DF_IND(1.0),,I,EU27,,A,,D1H_I,,PT_POP,,_Z,,Y16T74,,_T,,_T,,_T,,_T,,2022,,51.9344,,A,,,,,,0,,,,2,,IND_TOTAL,
DATAFLOW,OECD.STI.DEP:DSD_ICT_HH_IND@DF_IND(1.0),,I,EU27,,A,,D1H_I,,PT_POP,,_Z,,Y16T74,,_T,,_T,,_T,,_T,,2023,,56.262,,A,,,,,,0,,,,2,,IND_TOTAL,
DATAFLOW,OECD.STI.DEP:DSD_ICT_HH_IND@DF_IND(1.0),,I,HRV,,A,,D1H_I,,PT_POP,,_Z,,Y16T74,,_T,,_T,,_T,,_T,,2007,,14.7399,,A,,,,,,0,,,,2,,IND_TOTAL,
DATAFLOW,OECD.STI.DEP:DSD_ICT_HH_IND@DF_IND(1.0),,I,HRV,,A,,D1H_I,,PT_POP,,_Z,,Y16T74,,_T,,_T,,_T,,_T,,2008,,20.0434,,A,,,,,,0,,,,2,,IND_TOTAL,
DATAFLOW,OECD.STI.DEP:DSD_ICT_HH_IND@DF_IND(1.0),,I,HRV,,A,,D1H_I,,PT_POP,,_Z,,Y16T74,,_T,,_T,,_T,,_T,,2009,,25.5445,,A,,,,,,0,,,,2,,IND_TOTAL,
DATAFLOW,OECD.STI.DEP:DSD_ICT_HH_IND@DF_IND(1.0),,I,HRV,,A,,D1H_I,,PT_POP,,_Z,,Y16T74,,_T,,_T,,_T,,_T,,2010,,25.0123,,A,,,,,,0,,,,2,,IND_TOTAL,
DATAFLOW,OECD.STI.DEP:DSD_ICT_HH_IND@DF_IND(1.0),,I,HRV,,A,,D1H_I,,PT_POP,,_Z,,Y16T74,,_T,,_T,,_T,,_T,,2011,,35.1222,,A,,,,,,0,,,,2,,IND_TOTAL,
DATAFLOW,OECD.STI.DEP:DSD_ICT_HH_IND@DF_IND(1.0),,I,HRV,,A,,D1H_I,,PT_POP,,_Z,,Y16T74,,_T,,_T,,_T,,_T,,2013,,35.2632,,A,,,,,,0,,,,2,,IND_TOTAL,
DATAFLOW,OECD.STI.DEP:DSD_ICT_HH_IND@DF_IND(1.0),,I,HRV,,A,,D1H_I,,PT_POP,,_Z,,Y16T74,,_T,,_T,,_T,,_T,,2015,,50.0818,,A,,,,,,0,,,,2,,IND_TOTAL,
DATAFLOW,OECD.STI.DEP:DSD_ICT_HH_IND@DF_IND(1.0),,I,HRV,,A,,D1H_I,,PT_POP,,_Z,,Y16T74,,_T,,_T,,_T,,_T,,2016,,53.2988,,A,,,,,,0,,,,2,,IND_TOTAL,
DATAFLOW,OECD.STI.DEP:DSD_ICT_HH_IND@DF_IND(1.0),,I,HRV,,A,,D1H_I,,PT_POP,,_Z,,Y16T74,,_T,,_T,,_T,,_T,,2017,,52.7729,,A,,,,,,0,,,,2,,IND_TOTAL,
DATAFLOW,OECD.STI.DEP:DSD_ICT_HH_IND@DF_IND(1.0),,I,HRV,,A,,D1H_I,,PT_POP,,_Z,,Y16T74,,_T,,_T,,_T,,_T,,2018,,50.8513,,A,,,,,,0,,,,2,,IND_TOTAL,
DATAFLOW,OECD.STI.DEP:DSD_ICT_HH_IND@DF_IND(1.0),,I,HRV,,A,,D1H_I,,PT_POP,,_Z,,Y16T74,,_T,,_T,,_T,,_T,,2019,,62.7723,,A,,,,,,0,,,,2,,IND_TOTAL,
DATAFLOW,OECD.STI.DEP:DSD_ICT_HH_IND@DF_IND(1.0),,I,HRV,,A,,D1H_I,,PT_POP,,_Z,,Y16T74,,_T,,_T,,_T,,_T,,2020,,58.0356,,A,,,,,,0,,,,2,,IND_TOTAL,
DATAFLOW,OECD.STI.DEP:DSD_ICT_HH_IND@DF_IND(1.0),,I,HRV,,A,,D1H_I,,PT_POP,,_Z,,Y16T74,,_T,,_T,,_T,,_T,,2021,,59.9962,,A,,,,,,0,,,,2,,IND_TOTAL,
DATAFLOW,OECD.STI.DEP:DSD_ICT_HH_IND@DF_IND(1.0),,I,HRV,,A,,D1H_I,,PT_POP,,_Z,,Y16T74,,_T,,_T,,_T,,_T,,2022,,58.9971,,A,,,,,,0,,,,2,,IND_TOTAL,
DATAFLOW,OECD.STI.DEP:DSD_ICT_HH_IND@DF_IND(1.0),,I,HRV,,A,,D1H_I,,PT_POP,,_Z,,Y16T74,,_T,,_T,,_T,,_T,,2023,,54.9901,,A,,,,,,0,,,,2,,IND_TOTAL,
DATAFLOW,OECD.STI.DEP:DSD_ICT_HH_IND@DF_IND(1.0),,I,COL,,A,,D1H_I,,PT_POP,,_Z,,Y16T74,,_T,,_T,,_T,,_T,,2008,,24.242458,,D,,,,,,0,,,,2,,IND_TOTAL,
DATAFLOW,OECD.STI.DEP:DSD_ICT_HH_IND@DF_IND(1.0),,I,COL,,A,,D1H_I,,PT_POP,,_Z,,Y16T74,,_T,,_T,,_T,,_T,,2009,,24.52031565,,D,,,,,,0,,,,2,,IND_TOTAL,
DATAFLOW,OECD.STI.DEP:DSD_ICT_HH_IND@DF_IND(1.0),,I,COL,,A,,D1H_I,,PT_POP,,_Z,,Y16T74,,_T,,_T,,_T,,_T,,2010,,29.83123304,,D,,,,,,0,,,,2,,IND_TOTAL,
DATAFLOW,OECD.STI.DEP:DSD_ICT_HH_IND@DF_IND(1.0),,I,COL,,A,,D1H_I,,PT_POP,,_Z,,Y16T74,,_T,,_T,,_T,,_T,,2011,,32.9809522,,D,,,,,,0,,,,2,,IND_TOTAL,
DATAFLOW,OECD.STI.DEP:DSD_ICT_HH_IND@DF_IND(1.0),,I,COL,,A,,D1H_I,,PT_POP,,_Z,,Y16T74,,_T,,_T,,_T,,_T,,2012,,28.57920595,,B,,D,,,,0,,,,2,,IND_TOTAL,
DATAFLOW,OECD.STI.DEP:DSD_ICT_HH_IND@DF_IND(1.0),,I,COL,,A,,D1H_I,,PT_POP,,_Z,,Y16T74,,_T,,_T,,_T,,_T,,2013,,29.22483608,,D,,,,,,0,,,,2,,IND_TOTAL,
DATAFLOW,OECD.STI.DEP:DSD_ICT_HH_IND@DF_IND(1.0),,I,COL,,A,,D1H_I,,PT_POP,,_Z,,Y16T74,,_T,,_T,,_T,,_T,,2014,,32.96173981,,D,,,,,,0,,,,2,,IND_TOTAL,
DATAFLOW,OECD.STI.DEP:DSD_ICT_HH_IND@DF_IND(1.0),,I,COL,,A,,D1H_I,,PT_POP,,_Z,,Y16T74,,_T,,_T,,_T,,_T,,2015,,36.9,,D,,,,,,0,,,,2,,IND_TOTAL,
DATAFLOW,OECD.STI.DEP:DSD_ICT_HH_IND@DF_IND(1.0),,I,COL,,A,,D1H_I,,PT_POP,,_Z,,Y16T74,,_T,,_T,,_T,,_T,,2016,,40.20413304,,D,,,,,,0,,,,2,,IND_TOTAL,
DATAFLOW,OECD.STI.DEP:DSD_ICT_HH_IND@DF_IND(1.0),,I,COL,,A,,D1H_I,,PT_POP,,_Z,,Y16T74,,_T,,_T,,_T,,_T,,2018,,41.47261397,,B,,D,,,,0,,,,2,,IND_TOTAL,
DATAFLOW,OECD.STI.DEP:DSD_ICT_HH_IND@DF_IND(1.0),,I,COL,,A,,D1H_I,,PT_POP,,_Z,,Y16T74,,_T,,_T,,_T,,_T,,2019,,40.77579527,,B,,D,,,,0,,,,2,,IND_TOTAL,
DATAFLOW,OECD.STI.DEP:DSD_ICT_HH_IND@DF_IND(1.0),,I,COL,,A,,D1H_I,,PT_POP,,_Z,,Y16T74,,_T,,_T,,_T,,_T,,2021,,40.856479,,D,,,,,,0,,,,2,,IND_TOTAL,
DATAFLOW,OECD.STI.DEP:DSD_ICT_HH_IND@DF_IND(1.0),,I,COL,,A,,D1H_I,,PT_POP,,_Z,,Y16T74,,_T,,_T,,_T,,_T,,2022,,40.5998689,,D,,,,,,0,,,,2,,IND_TOTAL,
DATAFLOW,OECD.STI.DEP:DSD_ICT_HH_IND@DF_IND(1.0),,I,OECD,,A,,D1H_I,,PT_POP,,_Z,,Y16T74,,_T,,_T,,_T,,_T,,2005,,17.367163314407406,,A,,,,,,0,,,,2,,IND_TOTAL,
DATAFLOW,OECD.STI.DEP:DSD_ICT_HH_IND@DF_IND(1.0),,I,OECD,,A,,D1H_I,,PT_POP,,_Z,,Y16T74,,_T,,_T,,_T,,_T,,2006,,20.397604248166665,,B,,,,,,0,,,,2,,IND_TOTAL,
DATAFLOW,OECD.STI.DEP:DSD_ICT_HH_IND@DF_IND(1.0),,I,OECD,,A,,D1H_I,,PT_POP,,_Z,,Y16T74,,_T,,_T,,_T,,_T,,2007,,24.605456053366666,,A,,,,,,0,,,,2,,IND_TOTAL,
DATAFLOW,OECD.STI.DEP:DSD_ICT_HH_IND@DF_IND(1.0),,I,OECD,,A,,D1H_I,,PT_POP,,_Z,,Y16T74,,_T,,_T,,_T,,_T,,2008,,27.31700584387097,,B,,,,,,0,,,,2,,IND_TOTAL,
DATAFLOW,OECD.STI.DEP:DSD_ICT_HH_IND@DF_IND(1.0),,I,OECD,,A,,D1H_I,,PT_POP,,_Z,,Y16T74,,_T,,_T,,_T,,_T,,2009,,32.04997110183871,,A,,,,,,0,,,,2,,IND_TOTAL,
DATAFLOW,OECD.STI.DEP:DSD_ICT_HH_IND@DF_IND(1.0),,I,OECD,,A,,D1H_I,,PT_POP,,_Z,,Y16T74,,_T,,_T,,_T,,_T,,2010,,35.58808412732258,,B,,,,,,0,,,,2,,IND_TOTAL,
DATAFLOW,OECD.STI.DEP:DSD_ICT_HH_IND@DF_IND(1.0),,I,OECD,,A,,D1H_I,,PT_POP,,_Z,,Y16T74,,_T,,_T,,_T,,_T,,2011,,39.663798349580645,,A,,,,,,0,,,,2,,IND_TOTAL,
DATAFLOW,OECD.STI.DEP:DSD_ICT_HH_IND@DF_IND(1.0),,I,OECD,,A,,D1H_I,,PT_POP,,_Z,,Y16T74,,_T,,_T,,_T,,_T,,2012,,39.77246114834375,,B,,,,,,0,,,,2,,IND_TOTAL,
DATAFLOW,OECD.STI.DEP:DSD_ICT_HH_IND@DF_IND(1.0),,I,OECD,,A,,D1H_I,,PT_POP,,_Z,,Y16T74,,_T,,_T,,_T,,_T,,2013,,43.438448944242424,,B,,,,,,0,,,,2,,IND_TOTAL,
DATAFLOW,OECD.STI.DEP:DSD_ICT_HH_IND@DF_IND(1.0),,I,OECD,,A,,D1H_I,,PT_POP,,_Z,,Y16T74,,_T,,_T,,_T,,_T,,2014,,43.61140583470588,,B,,,,,,0,,,,2,,IND_TOTAL,
DATAFLOW,OECD.STI.DEP:DSD_ICT_HH_IND@DF_IND(1.0),,I,OECD,,A,,D1H_I,,PT_POP,,_Z,,Y16T74,,_T,,_T,,_T,,_T,,2015,,47.48276678114286,,B,,,,,,0,,,,2,,IND_TOTAL,
DATAFLOW,OECD.STI.DEP:DSD_ICT_HH_IND@DF_IND(1.0),,I,OECD,,A,,D1H_I,,PT_POP,,_Z,,Y16T74,,_T,,_T,,_T,,_T,,2016,,48.94272647848484,,B,,,,,,0,,,,2,,IND_TOTAL,
DATAFLOW,OECD.STI.DEP:DSD_ICT_HH_IND@DF_IND(1.0),,I,OECD,,A,,D1H_I,,PT_POP,,_Z,,Y16T74,,_T,,_T,,_T,,_T,,2017,,51.68105741628571,,B,,,,,,0,,,,2,,IND_TOTAL,
DATAFLOW,OECD.STI.DEP:DSD_ICT_HH_IND@DF_IND(1.0),,I,OECD,,A,,D1H_I,,PT_POP,,_Z,,Y16T74,,_T,,_T,,_T,,_T,,2018,,51.40658885942857,,A,,,,,,0,,,,2,,IND_TOTAL,
DATAFLOW,OECD.STI.DEP:DSD_ICT_HH_IND@DF_IND(1.0),,I,OECD,,A,,D1H_I,,PT_POP,,_Z,,Y16T74,,_T,,_T,,_T,,_T,,2019,,54.80514307235294,,B,,,,,,0,,,,2,,IND_TOTAL,
DATAFLOW,OECD.STI.DEP:DSD_ICT_HH_IND@DF_IND(1.0),,I,OECD,,A,,D1H_I,,PT_POP,,_Z,,Y16T74,,_T,,_T,,_T,,_T,,2020,,58.15899520294118,,B,,,,,,0,,,,2,,IND_TOTAL,
DATAFLOW,OECD.STI.DEP:DSD_ICT_HH_IND@DF_IND(1.0),,I,OECD,,A,,D1H_I,,PT_POP,,_Z,,Y16T74,,_T,,_T,,_T,,_T,,2021,,61.25293417151515,,B,,,,,,0,,,,2,,IND_TOTAL,
DATAFLOW,OECD.STI.DEP:DSD_ICT_HH_IND@DF_IND(1.0),,I,OECD,,A,,D1H_I,,PT_POP,,_Z,,Y16T74,,_T,,_T,,_T,,_T,,2022,,59.48543851625,,B,,,,,,0,,,,2,,IND_TOTAL,
DATAFLOW,OECD.STI.DEP:DSD_ICT_HH_IND@DF_IND(1.0),,I,OECD,,A,,D1H_I,,PT_POP,,_Z,,Y16T74,,_T,,_T,,_T,,_T,,2023,,61.60748851625,,A,,,,,,0,,,,2,,IND_TOTAL,
DATAFLOW,OECD.STI.DEP:DSD_ICT_HH_IND@DF_IND(1.0),,I,HUN,,A,,D1H_I,,PT_POP,,_Z,,Y16T74,,_T,,_T,,_T,,_T,,2005,,9.6088,,A,,,,,,0,,,,2,,IND_TOTAL,
DATAFLOW,OECD.STI.DEP:DSD_ICT_HH_IND@DF_IND(1.0),,I,HUN,,A,,D1H_I,,PT_POP,,_Z,,Y16T74,,_T,,_T,,_T,,_T,,2006,,16.5472,,A,,,,,,0,,,,2,,IND_TOTAL,
DATAFLOW,OECD.STI.DEP:DSD_ICT_HH_IND@DF_IND(1.0),,I,HUN,,A,,D1H_I,,PT_POP,,_Z,,Y16T74,,_T,,_T,,_T,,_T,,2007,,22.0795,,A,,,,,,0,,,,2,,IND_TOTAL,
DATAFLOW,OECD.STI.DEP:DSD_ICT_HH_IND@DF_IND(1.0),,I,HUN,,A,,D1H_I,,PT_POP,,_Z,,Y16T74,,_T,,_T,,_T,,_T,,2008,,28.4847,,A,,,,,,0,,,,2,,IND_TOTAL,
DATAFLOW,OECD.STI.DEP:DSD_ICT_HH_IND@DF_IND(1.0),,I,HUN,,A,,D1H_I,,PT_POP,,_Z,,Y16T74,,_T,,_T,,_T,,_T,,2009,,35.2217,,A,,,,,,0,,,,2,,IND_TOTAL,
DATAFLOW,OECD.STI.DEP:DSD_ICT_HH_IND@DF_IND(1.0),,I,HUN,,A,,D1H_I,,PT_POP,,_Z,,Y16T74,,_T,,_T,,_T,,_T,,2010,,40.0704,,A,,,,,,0,,,,2,,IND_TOTAL,
DATAFLOW,OECD.STI.DEP:DSD_ICT_HH_IND@DF_IND(1.0),,I,HUN,,A,,D1H_I,,PT_POP,,_Z,,Y16T74,,_T,,_T,,_T,,_T,,2011,,48.1343,,A,,,,,,0,,,,2,,IND_TOTAL,
DATAFLOW,OECD.STI.DEP:DSD_ICT_HH_IND@DF_IND(1.0),,I,HUN,,A,,D1H_I,,PT_POP,,_Z,,Y16T74,,_T,,_T,,_T,,_T,,2013,,49.364,,A,,,,,,0,,,,2,,IND_TOTAL,
DATAFLOW,OECD.STI.DEP:DSD_ICT_HH_IND@DF_IND(1.0),,I,HUN,,A,,D1H_I,,PT_POP,,_Z,,Y16T74,,_T,,_T,,_T,,_T,,2015,,53.3493,,A,,,,,,0,,,,2,,IND_TOTAL,
DATAFLOW,OECD.STI.DEP:DSD_ICT_HH_IND@DF_IND(1.0),,I,HUN,,A,,D1H_I,,PT_POP,,_Z,,Y16T74,,_T,,_T,,_T,,_T,,2016,,53.5837,,A,,,,,,0,,,,2,,IND_TOTAL,
DATAFLOW,OECD.STI.DEP:DSD_ICT_HH_IND@DF_IND(1.0),,I,HUN,,A,,D1H_I,,PT_POP,,_Z,,Y16T74,,_T,,_T,,_T,,_T,,2017,,57.7149,,A,,,,,,0,,,,2,,IND_TOTAL,
DATAFLOW,OECD.STI.DEP:DSD_ICT_HH_IND@DF_IND(1.0),,I,HUN,,A,,D1H_I,,PT_POP,,_Z,,Y16T74,,_T,,_T,,_T,,_T,,2018,,56.1917,,A,,,,,,0,,,,2,,IND_TOTAL,
DATAFLOW,OECD.STI.DEP:DSD_ICT_HH_IND@DF_IND(1.0),,I,HUN,,A,,D1H_I,,PT_POP,,_Z,,Y16T74,,_T,,_T,,_T,,_T,,2019,,60.4636,,A,,,,,,0,,,,2,,IND_TOTAL,
DATAFLOW,OECD.STI.DEP:DSD_ICT_HH_IND@DF_IND(1.0),,I,HUN,,A,,D1H_I,,PT_POP,,_Z,,Y16T74,,_T,,_T,,_T,,_T,,2020,,62.9969,,A,,,,,,0,,,,2,,IND_TOTAL,
DATAFLOW,OECD.STI.DEP:DSD_ICT_HH_IND@DF_IND(1.0),,I,HUN,,A,,D1H_I,,PT_POP,,_Z,,Y16T74,,_T,,_T,,_T,,_T,,2021,,64.4598,,A,,,,,,0,,,,2,,IND_TOTAL,
DATAFLOW,OECD.STI.DEP:DSD_ICT_HH_IND@DF_IND(1.0),,I,HUN,,A,,D1H_I,,PT_POP,,_Z,,Y16T74,,_T,,_T,,_T,,_T,,2022,,68.0971,,A,,,,,,0,,,,2,,IND_TOTAL,
DATAFLOW,OECD.STI.DEP:DSD_ICT_HH_IND@DF_IND(1.0),,I,HUN,,A,,D1H_I,,PT_POP,,_Z,,Y16T74,,_T,,_T,,_T,,_T,,2023,,67.3148,,A,,,,,,0,,,,2,,IND_TOTAL,
DATAFLOW,OECD.STI.DEP:DSD_ICT_HH_IND@DF_IND(1.0),,I,LUX,,A,,D1H_I,,PT_POP,,_Z,,Y16T74,,_T,,_T,,_T,,_T,,2005,,41.0491,,A,,,,,,0,,,,2,,IND_TOTAL,
DATAFLOW,OECD.STI.DEP:DSD_ICT_HH_IND@DF_IND(1.0),,I,LUX,,A,,D1H_I,,PT_POP,,_Z,,Y16T74,,_T,,_T,,_T,,_T,,2006,,26.544,,A,,,,,,0,,,,2,,IND_TOTAL,
DATAFLOW,OECD.STI.DEP:DSD_ICT_HH_IND@DF_IND(1.0),,I,LUX,,A,,D1H_I,,PT_POP,,_Z,,Y16T74,,_T,,_T,,_T,,_T,,2007,,48.3734,,A,,,,,,0,,,,2,,IND_TOTAL,
DATAFLOW,OECD.STI.DEP:DSD_ICT_HH_IND@DF_IND(1.0),,I,LUX,,A,,D1H_I,,PT_POP,,_Z,,Y16T74,,_T,,_T,,_T,,_T,,2008,,43.7807,,A,,,,,,0,,,,2,,IND_TOTAL,
DATAFLOW,OECD.STI.DEP:DSD_ICT_HH_IND@DF_IND(1.0),,I,LUX,,A,,D1H_I,,PT_POP,,_Z,,Y16T74,,_T,,_T,,_T,,_T,,2009,,54.0582,,A,,,,,,0,,,,2,,IND_TOTAL,
DATAFLOW,OECD.STI.DEP:DSD_ICT_HH_IND@DF_IND(1.0),,I,LUX,,A,,D1H_I,,PT_POP,,_Z,,Y16T74,,_T,,_T,,_T,,_T,,2010,,58.2114,,A,,,,,,0,,,,2,,IND_TOTAL,
DATAFLOW,OECD.STI.DEP:DSD_ICT_HH_IND@DF_IND(1.0),,I,LUX,,A,,D1H_I,,PT_POP,,_Z,,Y16T74,,_T,,_T,,_T,,_T,,2011,,52.1897,,A,,,,,,0,,,,2,,IND_TOTAL,
DATAFLOW,OECD.STI.DEP:DSD_ICT_HH_IND@DF_IND(1.0),,I,LUX,,A,,D1H_I,,PT_POP,,_Z,,Y16T74,,_T,,_T,,_T,,_T,,2013,,57.868,,A,,,,,,0,,,,2,,IND_TOTAL,
DATAFLOW,OECD.STI.DEP:DSD_ICT_HH_IND@DF_IND(1.0),,I,LUX,,A,,D1H_I,,PT_POP,,_Z,,Y16T74,,_T,,_T,,_T,,_T,,2015,,61.7699,,A,,,,,,0,,,,2,,IND_TOTAL,
DATAFLOW,OECD.STI.DEP:DSD_ICT_HH_IND@DF_IND(1.0),,I,LUX,,A,,D1H_I,,PT_POP,,_Z,,Y16T74,,_T,,_T,,_T,,_T,,2016,,70.7232,,A,,,,,,0,,,,2,,IND_TOTAL,
DATAFLOW,OECD.STI.DEP:DSD_ICT_HH_IND@DF_IND(1.0),,I,LUX,,A,,D1H_I,,PT_POP,,_Z,,Y16T74,,_T,,_T,,_T,,_T,,2017,,64.9411,,A,,,,,,0,,,,2,,IND_TOTAL,
DATAFLOW,OECD.STI.DEP:DSD_ICT_HH_IND@DF_IND(1.0),,I,LUX,,A,,D1H_I,,PT_POP,,_Z,,Y16T74,,_T,,_T,,_T,,_T,,2018,,53.2921,,B,,,,,,0,,,,2,,IND_TOTAL,
DATAFLOW,OECD.STI.DEP:DSD_ICT_HH_IND@DF_IND(1.0),,I,LUX,,A,,D1H_I,,PT_POP,,_Z,,Y16T74,,_T,,_T,,_T,,_T,,2019,,58.1712,,A,,,,,,0,,,,2,,IND_TOTAL,
DATAFLOW,OECD.STI.DEP:DSD_ICT_HH_IND@DF_IND(1.0),,I,LUX,,A,,D1H_I,,PT_POP,,_Z,,Y16T74,,_T,,_T,,_T,,_T,,2020,,53.0162,,A,,,,,,0,,,,2,,IND_TOTAL,
DATAFLOW,OECD.STI.DEP:DSD_ICT_HH_IND@DF_IND(1.0),,I,LUX,,A,,D1H_I,,PT_POP,,_Z,,Y16T74,,_T,,_T,,_T,,_T,,2021,,53.8357,,A,,,,,,0,,,,2,,IND_TOTAL,
DATAFLOW,OECD.STI.DEP:DSD_ICT_HH_IND@DF_IND(1.0),,I,LUX,,A,,D1H_I,,PT_POP,,_Z,,Y16T74,,_T,,_T,,_T,,_T,,2022,,46.3516,,A,,,,,,0,,,,2,,IND_TOTAL,
DATAFLOW,OECD.STI.DEP:DSD_ICT_HH_IND@DF_IND(1.0),,I,LUX,,A,,D1H_I,,PT_POP,,_Z,,Y16T74,,_T,,_T,,_T,,_T,,2023,,48.0274,,A,,,,,,0,,,,2,,IND_TOTAL,
DATAFLOW,OECD.STI.DEP:DSD_ICT_HH_IND@DF_IND(1.0),,I,IRL,,A,,D1H_I,,PT_POP,,_Z,,Y16T74,,_T,,_T,,_T,,_T,,2005,,10.4775,,A,,,,,,0,,,,2,,IND_TOTAL,
DATAFLOW,OECD.STI.DEP:DSD_ICT_HH_IND@DF_IND(1.0),,I,IRL,,A,,D1H_I,,PT_POP,,_Z,,Y16T74,,_T,,_T,,_T,,_T,,2006,,7.8489,,A,,,,,,0,,,,2,,IND_TOTAL,
DATAFLOW,OECD.STI.DEP:DSD_ICT_HH_IND@DF_IND(1.0),,I,IRL,,A,,D1H_I,,PT_POP,,_Z,,Y16T74,,_T,,_T,,_T,,_T,,2007,,12.6301,,A,,,,,,0,,,,2,,IND_TOTAL,
DATAFLOW,OECD.STI.DEP:DSD_ICT_HH_IND@DF_IND(1.0),,I,IRL,,A,,D1H_I,,PT_POP,,_Z,,Y16T74,,_T,,_T,,_T,,_T,,2008,,18.8469,,A,,,,,,0,,,,2,,IND_TOTAL,
DATAFLOW,OECD.STI.DEP:DSD_ICT_HH_IND@DF_IND(1.0),,I,IRL,,A,,D1H_I,,PT_POP,,_Z,,Y16T74,,_T,,_T,,_T,,_T,,2009,,23.6833,,A,,,,,,0,,,,2,,IND_TOTAL,
DATAFLOW,OECD.STI.DEP:DSD_ICT_HH_IND@DF_IND(1.0),,I,IRL,,A,,D1H_I,,PT_POP,,_Z,,Y16T74,,_T,,_T,,_T,,_T,,2010,,27.4413,,A,,,,,,0,,,,2,,IND_TOTAL,
DATAFLOW,OECD.STI.DEP:DSD_ICT_HH_IND@DF_IND(1.0),,I,IRL,,A,,D1H_I,,PT_POP,,_Z,,Y16T74,,_T,,_T,,_T,,_T,,2011,,39.9224,,A,,,,,,0,,,,2,,IND_TOTAL,
DATAFLOW,OECD.STI.DEP:DSD_ICT_HH_IND@DF_IND(1.0),,I,IRL,,A,,D1H_I,,PT_POP,,_Z,,Y16T74,,_T,,_T,,_T,,_T,,2013,,37.8459,,A,,,,,,0,,,,2,,IND_TOTAL,
DATAFLOW,OECD.STI.DEP:DSD_ICT_HH_IND@DF_IND(1.0),,I,IRL,,A,,D1H_I,,PT_POP,,_Z,,Y16T74,,_T,,_T,,_T,,_T,,2015,,35.4664,,A,,,,,,0,,,,2,,IND_TOTAL,
DATAFLOW,OECD.STI.DEP:DSD_ICT_HH_IND@DF_IND(1.0),,I,IRL,,A,,D1H_I,,PT_POP,,_Z,,Y16T74,,_T,,_T,,_T,,_T,,2016,,36.1606,,A,,,,,,0,,,,2,,IND_TOTAL,
DATAFLOW,OECD.STI.DEP:DSD_ICT_HH_IND@DF_IND(1.0),,I,IRL,,A,,D1H_I,,PT_POP,,_Z,,Y16T74,,_T,,_T,,_T,,_T,,2017,,37.4509,,A,,,,,,0,,,,2,,IND_TOTAL,
DATAFLOW,OECD.STI.DEP:DSD_ICT_HH_IND@DF_IND(1.0),,I,IRL,,A,,D1H_I,,PT_POP,,_Z,,Y16T74,,_T,,_T,,_T,,_T,,2018,,46.7735,,A,,,,,,0,,,,2,,IND_TOTAL,
DATAFLOW,OECD.STI.DEP:DSD_ICT_HH_IND@DF_IND(1.0),,I,IRL,,A,,D1H_I,,PT_POP,,_Z,,Y16T74,,_T,,_T,,_T,,_T,,2019,,56.873,,A,,,,,,0,,,,2,,IND_TOTAL,
DATAFLOW,OECD.STI.DEP:DSD_ICT_HH_IND@DF_IND(1.0),,I,IRL,,A,,D1H_I,,PT_POP,,_Z,,Y16T74,,_T,,_T,,_T,,_T,,2020,,59.897,,A,,,,,,0,,,,2,,IND_TOTAL,
DATAFLOW,OECD.STI.DEP:DSD_ICT_HH_IND@DF_IND(1.0),,I,IRL,,A,,D1H_I,,PT_POP,,_Z,,Y16T74,,_T,,_T,,_T,,_T,,2021,,66.3198,,B,,,,,,0,,,,2,,IND_TOTAL,
DATAFLOW,OECD.STI.DEP:DSD_ICT_HH_IND@DF_IND(1.0),,I,IRL,,A,,D1H_I,,PT_POP,,_Z,,Y16T74,,_T,,_T,,_T,,_T,,2022,,50.3159,,A,,,,,,0,,,,2,,IND_TOTAL,
DATAFLOW,OECD.STI.DEP:DSD_ICT_HH_IND@DF_IND(1.0),,I,IRL,,A,,D1H_I,,PT_POP,,_Z,,Y16T74,,_T,,_T,,_T,,_T,,2023,,59.0911,,A,,,,,,0,,,,2,,IND_TOTAL,
DATAFLOW,OECD.STI.DEP:DSD_ICT_HH_IND@DF_IND(1.0),,I,TUR,,A,,D1H_I,,PT_POP,,_Z,,Y16T74,,_T,,_T,,_T,,_T,,2005,,3.1177,,A,,,,,,0,,,,2,,IND_TOTAL,
DATAFLOW,OECD.STI.DEP:DSD_ICT_HH_IND@DF_IND(1.0),,I,TUR,,A,,D1H_I,,PT_POP,,_Z,,Y16T74,,_T,,_T,,_T,,_T,,2007,,10.2317,,A,,,,,,0,,,,2,,IND_TOTAL,
DATAFLOW,OECD.STI.DEP:DSD_ICT_HH_IND@DF_IND(1.0),,I,TUR,,A,,D1H_I,,PT_POP,,_Z,,Y16T74,,_T,,_T,,_T,,_T,,2008,,14.4308,,A,,,,,,0,,,,2,,IND_TOTAL,
DATAFLOW,OECD.STI.DEP:DSD_ICT_HH_IND@DF_IND(1.0),,I,TUR,,A,,D1H_I,,PT_POP,,_Z,,Y16T74,,_T,,_T,,_T,,_T,,2009,,15.3249,,A,,,,,,0,,,,2,,IND_TOTAL,
DATAFLOW,OECD.STI.DEP:DSD_ICT_HH_IND@DF_IND(1.0),,I,TUR,,A,,D1H_I,,PT_POP,,_Z,,Y16T74,,_T,,_T,,_T,,_T,,2010,,17.7736,,A,,,,,,0,,,,2,,IND_TOTAL,
DATAFLOW,OECD.STI.DEP:DSD_ICT_HH_IND@DF_IND(1.0),,I,TUR,,A,,D1H_I,,PT_POP,,_Z,,Y16T74,,_T,,_T,,_T,,_T,,2013,,25.7397,,A,,,,,,0,,,,2,,IND_TOTAL,
DATAFLOW,OECD.STI.DEP:DSD_ICT_HH_IND@DF_IND(1.0),,I,TUR,,A,,D1H_I,,PT_POP,,_Z,,Y16T74,,_T,,_T,,_T,,_T,,2015,,33.987,,A,,,,,,0,,,,2,,IND_TOTAL,
DATAFLOW,OECD.STI.DEP:DSD_ICT_HH_IND@DF_IND(1.0),,I,TUR,,A,,D1H_I,,PT_POP,,_Z,,Y16T74,,_T,,_T,,_T,,_T,,2016,,38.462,,A,,,,,,0,,,,2,,IND_TOTAL,
DATAFLOW,OECD.STI.DEP:DSD_ICT_HH_IND@DF_IND(1.0),,I,TUR,,A,,D1H_I,,PT_POP,,_Z,,Y16T74,,_T,,_T,,_T,,_T,,2017,,45.0093,,A,,,,,,0,,,,2,,IND_TOTAL,
DATAFLOW,OECD.STI.DEP:DSD_ICT_HH_IND@DF_IND(1.0),,I,TUR,,A,,D1H_I,,PT_POP,,_Z,,Y16T74,,_T,,_T,,_T,,_T,,2018,,48.8868,,A,,,,,,0,,,,2,,IND_TOTAL,
DATAFLOW,OECD.STI.DEP:DSD_ICT_HH_IND@DF_IND(1.0),,I,TUR,,A,,D1H_I,,PT_POP,,_Z,,Y16T74,,_T,,_T,,_T,,_T,,2019,,51.2567,,A,,,,,,0,,,,2,,IND_TOTAL,
DATAFLOW,OECD.STI.DEP:DSD_ICT_HH_IND@DF_IND(1.0),,I,TUR,,A,,D1H_I,,PT_POP,,_Z,,Y16T74,,_T,,_T,,_T,,_T,,2020,,50.7567,,A,,,,,,0,,,,2,,IND_TOTAL,
DATAFLOW,OECD.STI.DEP:DSD_ICT_HH_IND@DF_IND(1.0),,I,TUR,,A,,D1H_I,,PT_POP,,_Z,,Y16T74,,_T,,_T,,_T,,_T,,2021,,56.6205,,A,,,,,,0,,,,2,,IND_TOTAL,
DATAFLOW,OECD.STI.DEP:DSD_ICT_HH_IND@DF_IND(1.0),,I,TUR,,A,,D1H_I,,PT_POP,,_Z,,Y16T74,,_T,,_T,,_T,,_T,,2022,,53.8182,,A,,,,,,0,,,,2,,IND_TOTAL,
DATAFLOW,OECD.STI.DEP:DSD_ICT_HH_IND@DF_IND(1.0),,I,TUR,,A,,D1H_I,,PT_POP,,_Z,,Y16T74,,_T,,_T,,_T,,_T,,2023,,56.9713,,A,,,,,,0,,,,2,,IND_TOTAL,
DATAFLOW,OECD.STI.DEP:DSD_ICT_HH_IND@DF_IND(1.0),,I,GBR,,A,,D1H_I,,PT_POP,,_Z,,Y16T74,,_T,,_T,,_T,,_T,,2005,,25.4574,,A,,,,,,0,,,,2,,IND_TOTAL,
DATAFLOW,OECD.STI.DEP:DSD_ICT_HH_IND@DF_IND(1.0),,I,GBR,,A,,D1H_I,,PT_POP,,_Z,,Y16T74,,_T,,_T,,_T,,_T,,2006,,17.9324,,A,,,,,,0,,,,2,,IND_TOTAL,
DATAFLOW,OECD.STI.DEP:DSD_ICT_HH_IND@DF_IND(1.0),,I,GBR,,A,,D1H_I,,PT_POP,,_Z,,Y16T74,,_T,,_T,,_T,,_T,,2007,,19.8462,,A,,,,,,0,,,,2,,IND_TOTAL,
DATAFLOW,OECD.STI.DEP:DSD_ICT_HH_IND@DF_IND(1.0),,I,GBR,,A,,D1H_I,,PT_POP,,_Z,,Y16T74,,_T,,_T,,_T,,_T,,2008,,25.973,,A,,,,,,0,,,,2,,IND_TOTAL,
DATAFLOW,OECD.STI.DEP:DSD_ICT_HH_IND@DF_IND(1.0),,I,GBR,,A,,D1H_I,,PT_POP,,_Z,,Y16T74,,_T,,_T,,_T,,_T,,2009,,34.4101,,A,,,,,,0,,,,2,,IND_TOTAL,
DATAFLOW,OECD.STI.DEP:DSD_ICT_HH_IND@DF_IND(1.0),,I,GBR,,A,,D1H_I,,PT_POP,,_Z,,Y16T74,,_T,,_T,,_T,,_T,,2010,,32.1727,,A,,,,,,0,,,,2,,IND_TOTAL,
DATAFLOW,OECD.STI.DEP:DSD_ICT_HH_IND@DF_IND(1.0),,I,GBR,,A,,D1H_I,,PT_POP,,_Z,,Y16T74,,_T,,_T,,_T,,_T,,2011,,36.2157,,A,,,,,,0,,,,2,,IND_TOTAL,
DATAFLOW,OECD.STI.DEP:DSD_ICT_HH_IND@DF_IND(1.0),,I,GBR,,A,,D1H_I,,PT_POP,,_Z,,Y16T74,,_T,,_T,,_T,,_T,,2013,,45.2134,,A,,,,,,0,,,,2,,IND_TOTAL,
DATAFLOW,OECD.STI.DEP:DSD_ICT_HH_IND@DF_IND(1.0),,I,GBR,,A,,D1H_I,,PT_POP,,_Z,,Y16T74,,_T,,_T,,_T,,_T,,2015,,53.3013,,A,,,,,,0,,,,2,,IND_TOTAL,
DATAFLOW,OECD.STI.DEP:DSD_ICT_HH_IND@DF_IND(1.0),,I,GBR,,A,,D1H_I,,PT_POP,,_Z,,Y16T74,,_T,,_T,,_T,,_T,,2016,,55.9472,,A,,,,,,0,,,,2,,IND_TOTAL,
DATAFLOW,OECD.STI.DEP:DSD_ICT_HH_IND@DF_IND(1.0),,I,GBR,,A,,D1H_I,,PT_POP,,_Z,,Y16T74,,_T,,_T,,_T,,_T,,2017,,56.7354,,A,,,,,,0,,,,2,,IND_TOTAL,
DATAFLOW,OECD.STI.DEP:DSD_ICT_HH_IND@DF_IND(1.0),,I,GBR,,A,,D1H_I,,PT_POP,,_Z,,Y16T74,,_T,,_T,,_T,,_T,,2018,,58.1725,,A,,,,,,0,,,,2,,IND_TOTAL,
DATAFLOW,OECD.STI.DEP:DSD_ICT_HH_IND@DF_IND(1.0),,I,GBR,,A,,D1H_I,,PT_POP,,_Z,,Y16T74,,_T,,_T,,_T,,_T,,2019,,66.8895,,A,,,,,,0,,,,2,,IND_TOTAL,
DATAFLOW,OECD.STI.DEP:DSD_ICT_HH_IND@DF_IND(1.0),,I,GBR,,A,,D1H_I,,PT_POP,,_Z,,Y16T74,,_T,,_T,,_T,,_T,,2020,,63.2903,,A,,,,,,0,,,,2,,IND_TOTAL,
DATAFLOW,OECD.STI.DEP:DSD_ICT_HH_IND@DF_IND(1.0),,I,LVA,,A,,D1H_I,,PT_POP,,_Z,,Y16T74,,_T,,_T,,_T,,_T,,2005,,7.3536,,A,,,,,,0,,,,2,,IND_TOTAL,
DATAFLOW,OECD.STI.DEP:DSD_ICT_HH_IND@DF_IND(1.0),,I,LVA,,A,,D1H_I,,PT_POP,,_Z,,Y16T74,,_T,,_T,,_T,,_T,,2006,,11.6284,,A,,,,,,0,,,,2,,IND_TOTAL,
DATAFLOW,OECD.STI.DEP:DSD_ICT_HH_IND@DF_IND(1.0),,I,LVA,,A,,D1H_I,,PT_POP,,_Z,,Y16T74,,_T,,_T,,_T,,_T,,2007,,11.1515,,A,,,,,,0,,,,2,,IND_TOTAL,
DATAFLOW,OECD.STI.DEP:DSD_ICT_HH_IND@DF_IND(1.0),,I,LVA,,A,,D1H_I,,PT_POP,,_Z,,Y16T74,,_T,,_T,,_T,,_T,,2008,,23.9175,,A,,,,,,0,,,,2,,IND_TOTAL,
DATAFLOW,OECD.STI.DEP:DSD_ICT_HH_IND@DF_IND(1.0),,I,LVA,,A,,D1H_I,,PT_POP,,_Z,,Y16T74,,_T,,_T,,_T,,_T,,2009,,28.7042,,A,,,,,,0,,,,2,,IND_TOTAL,
DATAFLOW,OECD.STI.DEP:DSD_ICT_HH_IND@DF_IND(1.0),,I,LVA,,A,,D1H_I,,PT_POP,,_Z,,Y16T74,,_T,,_T,,_T,,_T,,2010,,32.3967,,A,,,,,,0,,,,2,,IND_TOTAL,
DATAFLOW,OECD.STI.DEP:DSD_ICT_HH_IND@DF_IND(1.0),,I,LVA,,A,,D1H_I,,PT_POP,,_Z,,Y16T74,,_T,,_T,,_T,,_T,,2011,,37.8164,,A,,,,,,0,,,,2,,IND_TOTAL,
DATAFLOW,OECD.STI.DEP:DSD_ICT_HH_IND@DF_IND(1.0),,I,LVA,,A,,D1H_I,,PT_POP,,_Z,,Y16T74,,_T,,_T,,_T,,_T,,2013,,37.2548,,A,,,,,,0,,,,2,,IND_TOTAL,
DATAFLOW,OECD.STI.DEP:DSD_ICT_HH_IND@DF_IND(1.0),,I,LVA,,A,,D1H_I,,PT_POP,,_Z,,Y16T74,,_T,,_T,,_T,,_T,,2015,,41.3663,,A,,,,,,0,,,,2,,IND_TOTAL,
DATAFLOW,OECD.STI.DEP:DSD_ICT_HH_IND@DF_IND(1.0),,I,LVA,,A,,D1H_I,,PT_POP,,_Z,,Y16T74,,_T,,_T,,_T,,_T,,2016,,38.8696,,B,,,,,,0,,,,2,,IND_TOTAL,
DATAFLOW,OECD.STI.DEP:DSD_ICT_HH_IND@DF_IND(1.0),,I,LVA,,A,,D1H_I,,PT_POP,,_Z,,Y16T74,,_T,,_T,,_T,,_T,,2017,,42.6295,,A,,,,,,0,,,,2,,IND_TOTAL,
DATAFLOW,OECD.STI.DEP:DSD_ICT_HH_IND@DF_IND(1.0),,I,LVA,,A,,D1H_I,,PT_POP,,_Z,,Y16T74,,_T,,_T,,_T,,_T,,2018,,36.8609,,A,,,,,,0,,,,2,,IND_TOTAL,
DATAFLOW,OECD.STI.DEP:DSD_ICT_HH_IND@DF_IND(1.0),,I,LVA,,A,,D1H_I,,PT_POP,,_Z,,Y16T74,,_T,,_T,,_T,,_T,,2019,,47.8935,,B,,,,,,0,,,,2,,IND_TOTAL,
DATAFLOW,OECD.STI.DEP:DSD_ICT_HH_IND@DF_IND(1.0),,I,LVA,,A,,D1H_I,,PT_POP,,_Z,,Y16T74,,_T,,_T,,_T,,_T,,2020,,49.2393,,A,,,,,,0,,,,2,,IND_TOTAL,
DATAFLOW,OECD.STI.DEP:DSD_ICT_HH_IND@DF_IND(1.0),,I,LVA,,A,,D1H_I,,PT_POP,,_Z,,Y16T74,,_T,,_T,,_T,,_T,,2021,,52.2854,,A,,,,,,0,,,,2,,IND_TOTAL,
DATAFLOW,OECD.STI.DEP:DSD_ICT_HH_IND@DF_IND(1.0),,I,LVA,,A,,D1H_I,,PT_POP,,_Z,,Y16T74,,_T,,_T,,_T,,_T,,2022,,42.6091,,A,,,,,,0,,,,2,,IND_TOTAL,
DATAFLOW,OECD.STI.DEP:DSD_ICT_HH_IND@DF_IND(1.0),,I,LVA,,A,,D1H_I,,PT_POP,,_Z,,Y16T74,,_T,,_T,,_T,,_T,,2023,,52.7407,,A,,,,,,0,,,,2,,IND_TOTAL,
DATAFLOW,OECD.STI.DEP:DSD_ICT_HH_IND@DF_IND(1.0),,I,ISL,,A,,D1H_I,,PT_POP,,_Z,,Y16T74,,_T,,_T,,_T,,_T,,2005,,39.4597,,A,,,,,,0,,,,2,,IND_TOTAL,
DATAFLOW,OECD.STI.DEP:DSD_ICT_HH_IND@DF_IND(1.0),,I,ISL,,A,,D1H_I,,PT_POP,,_Z,,Y16T74,,_T,,_T,,_T,,_T,,2006,,39.999,,A,,,,,,0,,,,2,,IND_TOTAL,
DATAFLOW,OECD.STI.DEP:DSD_ICT_HH_IND@DF_IND(1.0),,I,ISL,,A,,D1H_I,,PT_POP,,_Z,,Y16T74,,_T,,_T,,_T,,_T,,2007,,43.7481,,A,,,,,,0,,,,2,,IND_TOTAL,
DATAFLOW,OECD.STI.DEP:DSD_ICT_HH_IND@DF_IND(1.0),,I,ISL,,A,,D1H_I,,PT_POP,,_Z,,Y16T74,,_T,,_T,,_T,,_T,,2008,,38.5919,,A,,,,,,0,,,,2,,IND_TOTAL,
DATAFLOW,OECD.STI.DEP:DSD_ICT_HH_IND@DF_IND(1.0),,I,ISL,,A,,D1H_I,,PT_POP,,_Z,,Y16T74,,_T,,_T,,_T,,_T,,2009,,36.8959,,A,,,,,,0,,,,2,,IND_TOTAL,
DATAFLOW,OECD.STI.DEP:DSD_ICT_HH_IND@DF_IND(1.0),,I,ISL,,A,,D1H_I,,PT_POP,,_Z,,Y16T74,,_T,,_T,,_T,,_T,,2010,,41.6653,,A,,,,,,0,,,,2,,IND_TOTAL,
DATAFLOW,OECD.STI.DEP:DSD_ICT_HH_IND@DF_IND(1.0),,I,ISL,,A,,D1H_I,,PT_POP,,_Z,,Y16T74,,_T,,_T,,_T,,_T,,2011,,60.6798,,A,,,,,,0,,,,2,,IND_TOTAL,
DATAFLOW,OECD.STI.DEP:DSD_ICT_HH_IND@DF_IND(1.0),,I,ISL,,A,,D1H_I,,PT_POP,,_Z,,Y16T74,,_T,,_T,,_T,,_T,,2013,,65.4543,,A,,,,,,0,,,,2,,IND_TOTAL,
DATAFLOW,OECD.STI.DEP:DSD_ICT_HH_IND@DF_IND(1.0),,I,ISL,,A,,D1H_I,,PT_POP,,_Z,,Y16T74,,_T,,_T,,_T,,_T,,2017,,55.6629,,A,,,,,,0,,,,2,,IND_TOTAL,
DATAFLOW,OECD.STI.DEP:DSD_ICT_HH_IND@DF_IND(1.0),,I,ISL,,A,,D1H_I,,PT_POP,,_Z,,Y16T74,,_T,,_T,,_T,,_T,,2018,,62.548,,A,,,,,,0,,,,2,,IND_TOTAL,
DATAFLOW,OECD.STI.DEP:DSD_ICT_HH_IND@DF_IND(1.0),,I,ISL,,A,,D1H_I,,PT_POP,,_Z,,Y16T74,,_T,,_T,,_T,,_T,,2019,,64.679,,A,,,,,,0,,,,2,,IND_TOTAL,
DATAFLOW,OECD.STI.DEP:DSD_ICT_HH_IND@DF_IND(1.0),,I,ISL,,A,,D1H_I,,PT_POP,,_Z,,Y16T74,,_T,,_T,,_T,,_T,,2020,,68.5762,,A,,,,,,0,,,,2,,IND_TOTAL,
DATAFLOW,OECD.STI.DEP:DSD_ICT_HH_IND@DF_IND(1.0),,I,ISL,,A,,D1H_I,,PT_POP,,_Z,,Y16T74,,_T,,_T,,_T,,_T,,2021,,71.359,,A,,,,,,0,,,,2,,IND_TOTAL,
DATAFLOW,OECD.STI.DEP:DSD_ICT_HH_IND@DF_IND(1.0),,I,BEL,,A,,D1H_I,,PT_POP,,_Z,,Y16T74,,_T,,_T,,_T,,_T,,2005,,19.14,,A,,,,,,0,,,,2,,IND_TOTAL,
DATAFLOW,OECD.STI.DEP:DSD_ICT_HH_IND@DF_IND(1.0),,I,BEL,,A,,D1H_I,,PT_POP,,_Z,,Y16T74,,_T,,_T,,_T,,_T,,2006,,22.5298,,A,,,,,,0,,,,2,,IND_TOTAL,
DATAFLOW,OECD.STI.DEP:DSD_ICT_HH_IND@DF_IND(1.0),,I,BEL,,A,,D1H_I,,PT_POP,,_Z,,Y16T74,,_T,,_T,,_T,,_T,,2007,,25.0883,,A,,,,,,0,,,,2,,IND_TOTAL,
DATAFLOW,OECD.STI.DEP:DSD_ICT_HH_IND@DF_IND(1.0),,I,BEL,,A,,D1H_I,,PT_POP,,_Z,,Y16T74,,_T,,_T,,_T,,_T,,2008,,24.4838,,A,,,,,,0,,,,2,,IND_TOTAL,
DATAFLOW,OECD.STI.DEP:DSD_ICT_HH_IND@DF_IND(1.0),,I,BEL,,A,,D1H_I,,PT_POP,,_Z,,Y16T74,,_T,,_T,,_T,,_T,,2009,,32.8264,,A,,,,,,0,,,,2,,IND_TOTAL,
DATAFLOW,OECD.STI.DEP:DSD_ICT_HH_IND@DF_IND(1.0),,I,BEL,,A,,D1H_I,,PT_POP,,_Z,,Y16T74,,_T,,_T,,_T,,_T,,2010,,36.5808,,A,,,,,,0,,,,2,,IND_TOTAL,
DATAFLOW,OECD.STI.DEP:DSD_ICT_HH_IND@DF_IND(1.0),,I,BEL,,A,,D1H_I,,PT_POP,,_Z,,Y16T74,,_T,,_T,,_T,,_T,,2011,,35.1236,,A,,,,,,0,,,,2,,IND_TOTAL,
DATAFLOW,OECD.STI.DEP:DSD_ICT_HH_IND@DF_IND(1.0),,I,BEL,,A,,D1H_I,,PT_POP,,_Z,,Y16T74,,_T,,_T,,_T,,_T,,2013,,43.2783,,A,,,,,,0,,,,2,,IND_TOTAL,
DATAFLOW,OECD.STI.DEP:DSD_ICT_HH_IND@DF_IND(1.0),,I,BEL,,A,,D1H_I,,PT_POP,,_Z,,Y16T74,,_T,,_T,,_T,,_T,,2015,,47.4021,,A,,,,,,0,,,,2,,IND_TOTAL,
DATAFLOW,OECD.STI.DEP:DSD_ICT_HH_IND@DF_IND(1.0),,I,BEL,,A,,D1H_I,,PT_POP,,_Z,,Y16T74,,_T,,_T,,_T,,_T,,2016,,48.896,,A,,,,,,0,,,,2,,IND_TOTAL,
DATAFLOW,OECD.STI.DEP:DSD_ICT_HH_IND@DF_IND(1.0),,I,BEL,,A,,D1H_I,,PT_POP,,_Z,,Y16T74,,_T,,_T,,_T,,_T,,2017,,51.9614,,A,,,,,,0,,,,2,,IND_TOTAL,
DATAFLOW,OECD.STI.DEP:DSD_ICT_HH_IND@DF_IND(1.0),,I,BEL,,A,,D1H_I,,PT_POP,,_Z,,Y16T74,,_T,,_T,,_T,,_T,,2018,,46.1176,,A,,,,,,0,,,,2,,IND_TOTAL,
DATAFLOW,OECD.STI.DEP:DSD_ICT_HH_IND@DF_IND(1.0),,I,BEL,,A,,D1H_I,,PT_POP,,_Z,,Y16T74,,_T,,_T,,_T,,_T,,2019,,48.7448,,A,,,,,,0,,,,2,,IND_TOTAL,
DATAFLOW,OECD.STI.DEP:DSD_ICT_HH_IND@DF_IND(1.0),,I,BEL,,A,,D1H_I,,PT_POP,,_Z,,Y16T74,,_T,,_T,,_T,,_T,,2020,,51.0363,,A,,,,,,0,,,,2,,IND_TOTAL,
DATAFLOW,OECD.STI.DEP:DSD_ICT_HH_IND@DF_IND(1.0),,I,BEL,,A,,D1H_I,,PT_POP,,_Z,,Y16T74,,_T,,_T,,_T,,_T,,2021,,49.805,,A,,,,,,0,,,,2,,IND_TOTAL,
DATAFLOW,OECD.STI.DEP:DSD_ICT_HH_IND@DF_IND(1.0),,I,BEL,,A,,D1H_I,,PT_POP,,_Z,,Y16T74,,_T,,_T,,_T,,_T,,2022,,52.5764,,A,,,,,,0,,,,2,,IND_TOTAL,
DATAFLOW,OECD.STI.DEP:DSD_ICT_HH_IND@DF_IND(1.0),,I,BEL,,A,,D1H_I,,PT_POP,,_Z,,Y16T74,,_T,,_T,,_T,,_T,,2023,,54.7172,,A,,,,,,0,,,,2,,IND_TOTAL,
DATAFLOW,OECD.STI.DEP:DSD_ICT_HH_IND@DF_IND(1.0),,I,DNK,,A,,D1H_I,,PT_POP,,_Z,,Y16T74,,_T,,_T,,_T,,_T,,2005,,23.8382,,A,,,,,,0,,,,2,,IND_TOTAL,
DATAFLOW,OECD.STI.DEP:DSD_ICT_HH_IND@DF_IND(1.0),,I,DNK,,A,,D1H_I,,PT_POP,,_Z,,Y16T74,,_T,,_T,,_T,,_T,,2006,,27.6396,,A,,,,,,0,,,,2,,IND_TOTAL,
DATAFLOW,OECD.STI.DEP:DSD_ICT_HH_IND@DF_IND(1.0),,I,DNK,,A,,D1H_I,,PT_POP,,_Z,,Y16T74,,_T,,_T,,_T,,_T,,2007,,38.0318,,A,,,,,,0,,,,2,,IND_TOTAL,
DATAFLOW,OECD.STI.DEP:DSD_ICT_HH_IND@DF_IND(1.0),,I,DNK,,A,,D1H_I,,PT_POP,,_Z,,Y16T74,,_T,,_T,,_T,,_T,,2008,,36.299,,A,,,,,,0,,,,2,,IND_TOTAL,
DATAFLOW,OECD.STI.DEP:DSD_ICT_HH_IND@DF_IND(1.0),,I,DNK,,A,,D1H_I,,PT_POP,,_Z,,Y16T74,,_T,,_T,,_T,,_T,,2009,,46.3136,,A,,,,,,0,,,,2,,IND_TOTAL,
DATAFLOW,OECD.STI.DEP:DSD_ICT_HH_IND@DF_IND(1.0),,I,DNK,,A,,D1H_I,,PT_POP,,_Z,,Y16T74,,_T,,_T,,_T,,_T,,2010,,51.7028,,A,,,,,,0,,,,2,,IND_TOTAL,
DATAFLOW,OECD.STI.DEP:DSD_ICT_HH_IND@DF_IND(1.0),,I,DNK,,A,,D1H_I,,PT_POP,,_Z,,Y16T74,,_T,,_T,,_T,,_T,,2011,,53.6247,,A,,,,,,0,,,,2,,IND_TOTAL,
DATAFLOW,OECD.STI.DEP:DSD_ICT_HH_IND@DF_IND(1.0),,I,DNK,,A,,D1H_I,,PT_POP,,_Z,,Y16T74,,_T,,_T,,_T,,_T,,2013,,54.4039,,A,,,,,,0,,,,2,,IND_TOTAL,
DATAFLOW,OECD.STI.DEP:DSD_ICT_HH_IND@DF_IND(1.0),,I,DNK,,A,,D1H_I,,PT_POP,,_Z,,Y16T74,,_T,,_T,,_T,,_T,,2015,,65.6448,,A,,,,,,0,,,,2,,IND_TOTAL,
DATAFLOW,OECD.STI.DEP:DSD_ICT_HH_IND@DF_IND(1.0),,I,DNK,,A,,D1H_I,,PT_POP,,_Z,,Y16T74,,_T,,_T,,_T,,_T,,2016,,64.6887,,A,,,,,,0,,,,2,,IND_TOTAL,
DATAFLOW,OECD.STI.DEP:DSD_ICT_HH_IND@DF_IND(1.0),,I,DNK,,A,,D1H_I,,PT_POP,,_Z,,Y16T74,,_T,,_T,,_T,,_T,,2017,,64.1478,,A,,,,,,0,,,,2,,IND_TOTAL,
DATAFLOW,OECD.STI.DEP:DSD_ICT_HH_IND@DF_IND(1.0),,I,DNK,,A,,D1H_I,,PT_POP,,_Z,,Y16T74,,_T,,_T,,_T,,_T,,2018,,66.4408,,A,,,,,,0,,,,2,,IND_TOTAL,
DATAFLOW,OECD.STI.DEP:DSD_ICT_HH_IND@DF_IND(1.0),,I,DNK,,A,,D1H_I,,PT_POP,,_Z,,Y16T74,,_T,,_T,,_T,,_T,,2019,,67.363,,A,,,,,,0,,,,2,,IND_TOTAL,
DATAFLOW,OECD.STI.DEP:DSD_ICT_HH_IND@DF_IND(1.0),,I,DNK,,A,,D1H_I,,PT_POP,,_Z,,Y16T74,,_T,,_T,,_T,,_T,,2020,,72.054,,A,,,,,,0,,,,2,,IND_TOTAL,
DATAFLOW,OECD.STI.DEP:DSD_ICT_HH_IND@DF_IND(1.0),,I,DNK,,A,,D1H_I,,PT_POP,,_Z,,Y16T74,,_T,,_T,,_T,,_T,,2021,,75.1275,,A,,,,,,0,,,,2,,IND_TOTAL,
DATAFLOW,OECD.STI.DEP:DSD_ICT_HH_IND@DF_IND(1.0),,I,DNK,,A,,D1H_I,,PT_POP,,_Z,,Y16T74,,_T,,_T,,_T,,_T,,2022,,70.805,,A,,,,,,0,,,,2,,IND_TOTAL,
DATAFLOW,OECD.STI.DEP:DSD_ICT_HH_IND@DF_IND(1.0),,I,DNK,,A,,D1H_I,,PT_POP,,_Z,,Y16T74,,_T,,_T,,_T,,_T,,2023,,73.8702,,A,,,,,,0,,,,2,,IND_TOTAL,
DATAFLOW,OECD.STI.DEP:DSD_ICT_HH_IND@DF_IND(1.0),,I,EST,,A,,D1H_I,,PT_POP,,_Z,,Y16T74,,_T,,_T,,_T,,_T,,2005,,15.6379,,A,,,,,,0,,,,2,,IND_TOTAL,
DATAFLOW,OECD.STI.DEP:DSD_ICT_HH_IND@DF_IND(1.0),,I,EST,,A,,D1H_I,,PT_POP,,_Z,,Y16T74,,_T,,_T,,_T,,_T,,2006,,17.9555,,A,,,,,,0,,,,2,,IND_TOTAL,
DATAFLOW,OECD.STI.DEP:DSD_ICT_HH_IND@DF_IND(1.0),,I,EST,,A,,D1H_I,,PT_POP,,_Z,,Y16T74,,_T,,_T,,_T,,_T,,2007,,25.6265,,A,,,,,,0,,,,2,,IND_TOTAL,
DATAFLOW,OECD.STI.DEP:DSD_ICT_HH_IND@DF_IND(1.0),,I,EST,,A,,D1H_I,,PT_POP,,_Z,,Y16T74,,_T,,_T,,_T,,_T,,2008,,25.2722,,A,,,,,,0,,,,2,,IND_TOTAL,
DATAFLOW,OECD.STI.DEP:DSD_ICT_HH_IND@DF_IND(1.0),,I,EST,,A,,D1H_I,,PT_POP,,_Z,,Y16T74,,_T,,_T,,_T,,_T,,2009,,32.3588,,A,,,,,,0,,,,2,,IND_TOTAL,
DATAFLOW,OECD.STI.DEP:DSD_ICT_HH_IND@DF_IND(1.0),,I,EST,,A,,D1H_I,,PT_POP,,_Z,,Y16T74,,_T,,_T,,_T,,_T,,2010,,35.0358,,A,,,,,,0,,,,2,,IND_TOTAL,
DATAFLOW,OECD.STI.DEP:DSD_ICT_HH_IND@DF_IND(1.0),,I,EST,,A,,D1H_I,,PT_POP,,_Z,,Y16T74,,_T,,_T,,_T,,_T,,2011,,33.4811,,A,,,,,,0,,,,2,,IND_TOTAL,
DATAFLOW,OECD.STI.DEP:DSD_ICT_HH_IND@DF_IND(1.0),,I,EST,,A,,D1H_I,,PT_POP,,_Z,,Y16T74,,_T,,_T,,_T,,_T,,2013,,39.2245,,A,,,,,,0,,,,2,,IND_TOTAL,
DATAFLOW,OECD.STI.DEP:DSD_ICT_HH_IND@DF_IND(1.0),,I,EST,,A,,D1H_I,,PT_POP,,_Z,,Y16T74,,_T,,_T,,_T,,_T,,2015,,54.7296,,A,,,,,,0,,,,2,,IND_TOTAL,
DATAFLOW,OECD.STI.DEP:DSD_ICT_HH_IND@DF_IND(1.0),,I,EST,,A,,D1H_I,,PT_POP,,_Z,,Y16T74,,_T,,_T,,_T,,_T,,2016,,57.0466,,A,,,,,,0,,,,2,,IND_TOTAL,
DATAFLOW,OECD.STI.DEP:DSD_ICT_HH_IND@DF_IND(1.0),,I,EST,,A,,D1H_I,,PT_POP,,_Z,,Y16T74,,_T,,_T,,_T,,_T,,2017,,58.7248,,A,,,,,,0,,,,2,,IND_TOTAL,
DATAFLOW,OECD.STI.DEP:DSD_ICT_HH_IND@DF_IND(1.0),,I,EST,,A,,D1H_I,,PT_POP,,_Z,,Y16T74,,_T,,_T,,_T,,_T,,2018,,59.6379,,A,,,,,,0,,,,2,,IND_TOTAL,
DATAFLOW,OECD.STI.DEP:DSD_ICT_HH_IND@DF_IND(1.0),,I,EST,,A,,D1H_I,,PT_POP,,_Z,,Y16T74,,_T,,_T,,_T,,_T,,2019,,59.5437,,A,,,,,,0,,,,2,,IND_TOTAL,
DATAFLOW,OECD.STI.DEP:DSD_ICT_HH_IND@DF_IND(1.0),,I,EST,,A,,D1H_I,,PT_POP,,_Z,,Y16T74,,_T,,_T,,_T,,_T,,2020,,58.231,,A,,,,,,0,,,,2,,IND_TOTAL,
DATAFLOW,OECD.STI.DEP:DSD_ICT_HH_IND@DF_IND(1.0),,I,EST,,A,,D1H_I,,PT_POP,,_Z,,Y16T74,,_T,,_T,,_T,,_T,,2021,,61.9439,,A,,,,,,0,,,,2,,IND_TOTAL,
DATAFLOW,OECD.STI.DEP:DSD_ICT_HH_IND@DF_IND(1.0),,I,EST,,A,,D1H_I,,PT_POP,,_Z,,Y16T74,,_T,,_T,,_T,,_T,,2022,,59.4782,,A,,,,,,0,,,,2,,IND_TOTAL,
DATAFLOW,OECD.STI.DEP:DSD_ICT_HH_IND@DF_IND(1.0),,I,EST,,A,,D1H_I,,PT_POP,,_Z,,Y16T74,,_T,,_T,,_T,,_T,,2023,,63.4741,,A,,,,,,0,,,,2,,IND_TOTAL,
DATAFLOW,OECD.STI.DEP:DSD_ICT_HH_IND@DF_IND(1.0),,I,AUS,,A,,D1H_I,,PT_POP,,_Z,,Y16T74,,_T,,_T,,_T,,_T,,2014,,19.71,,D,,,,,,0,,,,2,,IND_TOTAL,
DATAFLOW,OECD.STI.DEP:DSD_ICT_HH_IND@DF_IND(1.0),,I,AUS,,A,,D1H_I,,PT_POP,,_Z,,Y16T74,,_T,,_T,,_T,,_T,,2016,,42.46,,D,,,,,,0,,,,2,,IND_TOTAL,
DATAFLOW,OECD.STI.DEP:DSD_ICT_HH_IND@DF_IND(1.0),,I,CHE,,A,,D1H_I,,PT_POP,,_Z,,Y16T74,,_T,,_T,,_T,,_T,,2010,,46.1,,A,,,,,,0,,,,2,,IND_TOTAL,
DATAFLOW,OECD.STI.DEP:DSD_ICT_HH_IND@DF_IND(1.0),,I,CHE,,A,,D1H_I,,PT_POP,,_Z,,Y16T74,,_T,,_T,,_T,,_T,,2014,,57.78,,A,,,,,,0,,,,2,,IND_TOTAL,
DATAFLOW,OECD.STI.DEP:DSD_ICT_HH_IND@DF_IND(1.0),,I,CHE,,A,,D1H_I,,PT_POP,,_Z,,Y16T74,,_T,,_T,,_T,,_T,,2017,,63.9685,,B,,,,,,0,,,,2,,IND_TOTAL,
DATAFLOW,OECD.STI.DEP:DSD_ICT_HH_IND@DF_IND(1.0),,I,CHE,,A,,D1H_I,,PT_POP,,_Z,,Y16T74,,_T,,_T,,_T,,_T,,2019,,66.86832,,A,,,,,,0,,,,2,,IND_TOTAL,
DATAFLOW,OECD.STI.DEP:DSD_ICT_HH_IND@DF_IND(1.0),,I,CHE,,A,,D1H_I,,PT_POP,,_Z,,Y16T74,,_T,,_T,,_T,,_T,,2021,,72.4953,,A,,,,,,0,,,,2,,IND_TOTAL,
DATAFLOW,OECD.STI.DEP:DSD_ICT_HH_IND@DF_IND(1.0),,I,CHE,,A,,D1H_I,,PT_POP,,_Z,,Y16T74,,_T,,_T,,_T,,_T,,2023,,69.3899,,A,,,,,,0,,,,2,,IND_TOTAL,
DATAFLOW,OECD.STI.DEP:DSD_ICT_HH_IND@DF_IND(1.0),,I,ESP,,A,,D1H_I,,PT_POP,,_Z,,Y16T74,,_T,,_T,,_T,,_T,,2005,,12.751,,A,,,,,,0,,,,2,,IND_TOTAL,
DATAFLOW,OECD.STI.DEP:DSD_ICT_HH_IND@DF_IND(1.0),,I,ESP,,A,,D1H_I,,PT_POP,,_Z,,Y16T74,,_T,,_T,,_T,,_T,,2006,,18.7256,,A,,,,,,0,,,,2,,IND_TOTAL,
DATAFLOW,OECD.STI.DEP:DSD_ICT_HH_IND@DF_IND(1.0),,I,ESP,,A,,D1H_I,,PT_POP,,_Z,,Y16T74,,_T,,_T,,_T,,_T,,2007,,20.9607,,A,,,,,,0,,,,2,,IND_TOTAL,
DATAFLOW,OECD.STI.DEP:DSD_ICT_HH_IND@DF_IND(1.0),,I,ESP,,A,,D1H_I,,PT_POP,,_Z,,Y16T74,,_T,,_T,,_T,,_T,,2008,,24.3119,,A,,,,,,0,,,,2,,IND_TOTAL,
DATAFLOW,OECD.STI.DEP:DSD_ICT_HH_IND@DF_IND(1.0),,I,ESP,,A,,D1H_I,,PT_POP,,_Z,,Y16T74,,_T,,_T,,_T,,_T,,2009,,31.3827,,A,,,,,,0,,,,2,,IND_TOTAL,
DATAFLOW,OECD.STI.DEP:DSD_ICT_HH_IND@DF_IND(1.0),,I,ESP,,A,,D1H_I,,PT_POP,,_Z,,Y16T74,,_T,,_T,,_T,,_T,,2010,,33.1702,,A,,,,,,0,,,,2,,IND_TOTAL,
DATAFLOW,OECD.STI.DEP:DSD_ICT_HH_IND@DF_IND(1.0),,I,ESP,,A,,D1H_I,,PT_POP,,_Z,,Y16T74,,_T,,_T,,_T,,_T,,2011,,37.7251,,A,,,,,,0,,,,2,,IND_TOTAL,
DATAFLOW,OECD.STI.DEP:DSD_ICT_HH_IND@DF_IND(1.0),,I,ESP,,A,,D1H_I,,PT_POP,,_Z,,Y16T74,,_T,,_T,,_T,,_T,,2013,,43.7161,,A,,,,,,0,,,,2,,IND_TOTAL,
DATAFLOW,OECD.STI.DEP:DSD_ICT_HH_IND@DF_IND(1.0),,I,ESP,,A,,D1H_I,,PT_POP,,_Z,,Y16T74,,_T,,_T,,_T,,_T,,2015,,51.8824,,A,,,,,,0,,,,2,,IND_TOTAL,
DATAFLOW,OECD.STI.DEP:DSD_ICT_HH_IND@DF_IND(1.0),,I,ESP,,A,,D1H_I,,PT_POP,,_Z,,Y16T74,,_T,,_T,,_T,,_T,,2016,,49.1438,,A,,,,,,0,,,,2,,IND_TOTAL,
DATAFLOW,OECD.STI.DEP:DSD_ICT_HH_IND@DF_IND(1.0),,I,ESP,,A,,D1H_I,,PT_POP,,_Z,,Y16T74,,_T,,_T,,_T,,_T,,2017,,56.9426,,A,,,,,,0,,,,2,,IND_TOTAL,
DATAFLOW,OECD.STI.DEP:DSD_ICT_HH_IND@DF_IND(1.0),,I,ESP,,A,,D1H_I,,PT_POP,,_Z,,Y16T74,,_T,,_T,,_T,,_T,,2018,,54.8789,,A,,,,,,0,,,,2,,IND_TOTAL,
DATAFLOW,OECD.STI.DEP:DSD_ICT_HH_IND@DF_IND(1.0),,I,ESP,,A,,D1H_I,,PT_POP,,_Z,,Y16T74,,_T,,_T,,_T,,_T,,2019,,60.1251,,A,,,,,,0,,,,2,,IND_TOTAL,
DATAFLOW,OECD.STI.DEP:DSD_ICT_HH_IND@DF_IND(1.0),,I,ESP,,A,,D1H_I,,PT_POP,,_Z,,Y16T74,,_T,,_T,,_T,,_T,,2020,,67.0791,,A,,,,,,0,,,,2,,IND_TOTAL,
DATAFLOW,OECD.STI.DEP:DSD_ICT_HH_IND@DF_IND(1.0),,I,ESP,,A,,D1H_I,,PT_POP,,_Z,,Y16T74,,_T,,_T,,_T,,_T,,2021,,69.3701,,A,,,,,,0,,,,2,,IND_TOTAL,
DATAFLOW,OECD.STI.DEP:DSD_ICT_HH_IND@DF_IND(1.0),,I,ESP,,A,,D1H_I,,PT_POP,,_Z,,Y16T74,,_T,,_T,,_T,,_T,,2022,,64.8489,,A,,,,,,0,,,,2,,IND_TOTAL,
DATAFLOW,OECD.STI.DEP:DSD_ICT_HH_IND@DF_IND(1.0),,I,ESP,,A,,D1H_I,,PT_POP,,_Z,,Y16T74,,_T,,_T,,_T,,_T,,2023,,67.2697,,A,,,,,,0,,,,2,,IND_TOTAL,
DATAFLOW,OECD.STI.DEP:DSD_ICT_HH_IND@DF_IND(1.0),,I,NLD,,A,,D1H_I,,PT_POP,,_Z,,Y16T74,,_T,,_T,,_T,,_T,,2005,,40.7242,,A,,,,,,0,,,,2,,IND_TOTAL,
DATAFLOW,OECD.STI.DEP:DSD_ICT_HH_IND@DF_IND(1.0),,I,NLD,,A,,D1H_I,,PT_POP,,_Z,,Y16T74,,_T,,_T,,_T,,_T,,2006,,44.9704,,A,,,,,,0,,,,2,,IND_TOTAL,
DATAFLOW,OECD.STI.DEP:DSD_ICT_HH_IND@DF_IND(1.0),,I,NLD,,A,,D1H_I,,PT_POP,,_Z,,Y16T74,,_T,,_T,,_T,,_T,,2007,,45.4548,,A,,,,,,0,,,,2,,IND_TOTAL,
DATAFLOW,OECD.STI.DEP:DSD_ICT_HH_IND@DF_IND(1.0),,I,NLD,,A,,D1H_I,,PT_POP,,_Z,,Y16T74,,_T,,_T,,_T,,_T,,2008,,45.9276,,A,,,,,,0,,,,2,,IND_TOTAL,
DATAFLOW,OECD.STI.DEP:DSD_ICT_HH_IND@DF_IND(1.0),,I,NLD,,A,,D1H_I,,PT_POP,,_Z,,Y16T74,,_T,,_T,,_T,,_T,,2009,,50.0258,,A,,,,,,0,,,,2,,IND_TOTAL,
DATAFLOW,OECD.STI.DEP:DSD_ICT_HH_IND@DF_IND(1.0),,I,NLD,,A,,D1H_I,,PT_POP,,_Z,,Y16T74,,_T,,_T,,_T,,_T,,2010,,50.4942,,A,,,,,,0,,,,2,,IND_TOTAL,
DATAFLOW,OECD.STI.DEP:DSD_ICT_HH_IND@DF_IND(1.0),,I,NLD,,A,,D1H_I,,PT_POP,,_Z,,Y16T74,,_T,,_T,,_T,,_T,,2011,,52.5313,,A,,,,,,0,,,,2,,IND_TOTAL,
DATAFLOW,OECD.STI.DEP:DSD_ICT_HH_IND@DF_IND(1.0),,I,NLD,,A,,D1H_I,,PT_POP,,_Z,,Y16T74,,_T,,_T,,_T,,_T,,2013,,57.0234,,A,,,,,,0,,,,2,,IND_TOTAL,
DATAFLOW,OECD.STI.DEP:DSD_ICT_HH_IND@DF_IND(1.0),,I,NLD,,A,,D1H_I,,PT_POP,,_Z,,Y16T74,,_T,,_T,,_T,,_T,,2015,,61.4155,,A,,,,,,0,,,,2,,IND_TOTAL,
DATAFLOW,OECD.STI.DEP:DSD_ICT_HH_IND@DF_IND(1.0),,I,NLD,,A,,D1H_I,,PT_POP,,_Z,,Y16T74,,_T,,_T,,_T,,_T,,2016,,62.9565,,A,,,,,,0,,,,2,,IND_TOTAL,
DATAFLOW,OECD.STI.DEP:DSD_ICT_HH_IND@DF_IND(1.0),,I,NLD,,A,,D1H_I,,PT_POP,,_Z,,Y16T74,,_T,,_T,,_T,,_T,,2017,,71.0768,,A,,,,,,0,,,,2,,IND_TOTAL,
DATAFLOW,OECD.STI.DEP:DSD_ICT_HH_IND@DF_IND(1.0),,I,NLD,,A,,D1H_I,,PT_POP,,_Z,,Y16T74,,_T,,_T,,_T,,_T,,2018,,71.6821,,A,,,,,,0,,,,2,,IND_TOTAL,
DATAFLOW,OECD.STI.DEP:DSD_ICT_HH_IND@DF_IND(1.0),,I,NLD,,A,,D1H_I,,PT_POP,,_Z,,Y16T74,,_T,,_T,,_T,,_T,,2019,,73.9728,,A,,,,,,0,,,,2,,IND_TOTAL,
DATAFLOW,OECD.STI.DEP:DSD_ICT_HH_IND@DF_IND(1.0),,I,NLD,,A,,D1H_I,,PT_POP,,_Z,,Y16T74,,_T,,_T,,_T,,_T,,2020,,76.2146,,A,,,,,,0,,,,2,,IND_TOTAL,
DATAFLOW,OECD.STI.DEP:DSD_ICT_HH_IND@DF_IND(1.0),,I,NLD,,A,,D1H_I,,PT_POP,,_Z,,Y16T74,,_T,,_T,,_T,,_T,,2021,,77.2503,,A,,,,,,0,,,,2,,IND_TOTAL,
DATAFLOW,OECD.STI.DEP:DSD_ICT_HH_IND@DF_IND(1.0),,I,NLD,,A,,D1H_I,,PT_POP,,_Z,,Y16T74,,_T,,_T,,_T,,_T,,2022,,78.0053,,A,,,,,,0,,,,2,,IND_TOTAL,
DATAFLOW,OECD.STI.DEP:DSD_ICT_HH_IND@DF_IND(1.0),,I,NLD,,A,,D1H_I,,PT_POP,,_Z,,Y16T74,,_T,,_T,,_T,,_T,,2023,,78.8246,,A,,,,,,0,,,,2,,IND_TOTAL,
DATAFLOW,OECD.STI.DEP:DSD_ICT_HH_IND@DF_IND(1.0),,I,EGY,,A,,D1H_I,,PT_POP,,_Z,,Y16T74,,_T,,_T,,_T,,_T,,2019,,17.6,,A,,,,,,0,,,,2,,IND_TOTAL,
DATAFLOW,OECD.STI.DEP:DSD_ICT_HH_IND@DF_IND(1.0),,I,EGY,,A,,D1H_I,,PT_POP,,_Z,,Y16T74,,_T,,_T,,_T,,_T,,2020,,29.59988512,,A,,,,,,0,,,,2,,IND_TOTAL,
DATAFLOW,OECD.STI.DEP:DSD_ICT_HH_IND@DF_IND(1.0),,I,EGY,,A,,D1H_I,,PT_POP,,_Z,,Y16T74,,_T,,_T,,_T,,_T,,2022,,39.46277234,,A,,,,,,0,,,,2,,IND_TOTAL,
DATAFLOW,OECD.STI.DEP:DSD_ICT_HH_IND@DF_IND(1.0),,I,NOR,,A,,D1H_I,,PT_POP,,_Z,,Y16T74,,_T,,_T,,_T,,_T,,2005,,25.7325,,A,,,,,,0,,,,2,,IND_TOTAL,
DATAFLOW,OECD.STI.DEP:DSD_ICT_HH_IND@DF_IND(1.0),,I,NOR,,A,,D1H_I,,PT_POP,,_Z,,Y16T74,,_T,,_T,,_T,,_T,,2006,,34.2546,,A,,,,,,0,,,,2,,IND_TOTAL,
DATAFLOW,OECD.STI.DEP:DSD_ICT_HH_IND@DF_IND(1.0),,I,NOR,,A,,D1H_I,,PT_POP,,_Z,,Y16T74,,_T,,_T,,_T,,_T,,2007,,36.7503,,A,,,,,,0,,,,2,,IND_TOTAL,
DATAFLOW,OECD.STI.DEP:DSD_ICT_HH_IND@DF_IND(1.0),,I,NOR,,A,,D1H_I,,PT_POP,,_Z,,Y16T74,,_T,,_T,,_T,,_T,,2008,,40.9226,,A,,,,,,0,,,,2,,IND_TOTAL,
DATAFLOW,OECD.STI.DEP:DSD_ICT_HH_IND@DF_IND(1.0),,I,NOR,,A,,D1H_I,,PT_POP,,_Z,,Y16T74,,_T,,_T,,_T,,_T,,2009,,39.9193,,A,,,,,,0,,,,2,,IND_TOTAL,
DATAFLOW,OECD.STI.DEP:DSD_ICT_HH_IND@DF_IND(1.0),,I,NOR,,A,,D1H_I,,PT_POP,,_Z,,Y16T74,,_T,,_T,,_T,,_T,,2010,,46.9639,,A,,,,,,0,,,,2,,IND_TOTAL,
DATAFLOW,OECD.STI.DEP:DSD_ICT_HH_IND@DF_IND(1.0),,I,NOR,,A,,D1H_I,,PT_POP,,_Z,,Y16T74,,_T,,_T,,_T,,_T,,2011,,52.4406,,A,,,,,,0,,,,2,,IND_TOTAL,
DATAFLOW,OECD.STI.DEP:DSD_ICT_HH_IND@DF_IND(1.0),,I,NOR,,A,,D1H_I,,PT_POP,,_Z,,Y16T74,,_T,,_T,,_T,,_T,,2013,,53.6069,,A,,,,,,0,,,,2,,IND_TOTAL,
DATAFLOW,OECD.STI.DEP:DSD_ICT_HH_IND@DF_IND(1.0),,I,NOR,,A,,D1H_I,,PT_POP,,_Z,,Y16T74,,_T,,_T,,_T,,_T,,2015,,64.2839,,A,,,,,,0,,,,2,,IND_TOTAL,
DATAFLOW,OECD.STI.DEP:DSD_ICT_HH_IND@DF_IND(1.0),,I,NOR,,A,,D1H_I,,PT_POP,,_Z,,Y16T74,,_T,,_T,,_T,,_T,,2016,,60.5899,,A,,,,,,0,,,,2,,IND_TOTAL,
DATAFLOW,OECD.STI.DEP:DSD_ICT_HH_IND@DF_IND(1.0),,I,NOR,,A,,D1H_I,,PT_POP,,_Z,,Y16T74,,_T,,_T,,_T,,_T,,2017,,63.3499,,A,,,,,,0,,,,2,,IND_TOTAL,
DATAFLOW,OECD.STI.DEP:DSD_ICT_HH_IND@DF_IND(1.0),,I,NOR,,A,,D1H_I,,PT_POP,,_Z,,Y16T74,,_T,,_T,,_T,,_T,,2018,,65.7886,,A,,,,,,0,,,,2,,IND_TOTAL,
DATAFLOW,OECD.STI.DEP:DSD_ICT_HH_IND@DF_IND(1.0),,I,NOR,,A,,D1H_I,,PT_POP,,_Z,,Y16T74,,_T,,_T,,_T,,_T,,2019,,68.9752,,A,,,,,,0,,,,2,,IND_TOTAL,
DATAFLOW,OECD.STI.DEP:DSD_ICT_HH_IND@DF_IND(1.0),,I,NOR,,A,,D1H_I,,PT_POP,,_Z,,Y16T74,,_T,,_T,,_T,,_T,,2020,,73.5396,,A,,,,,,0,,,,2,,IND_TOTAL,
DATAFLOW,OECD.STI.DEP:DSD_ICT_HH_IND@DF_IND(1.0),,I,NOR,,A,,D1H_I,,PT_POP,,_Z,,Y16T74,,_T,,_T,,_T,,_T,,2021,,77.3848,,A,,,,,,0,,,,2,,IND_TOTAL,
DATAFLOW,OECD.STI.DEP:DSD_ICT_HH_IND@DF_IND(1.0),,I,NOR,,A,,D1H_I,,PT_POP,,_Z,,Y16T74,,_T,,_T,,_T,,_T,,2022,,75.9756,,A,,,,,,0,,,,2,,IND_TOTAL,
DATAFLOW,OECD.STI.DEP:DSD_ICT_HH_IND@DF_IND(1.0),,I,NOR,,A,,D1H_I,,PT_POP,,_Z,,Y16T74,,_T,,_T,,_T,,_T,,2023,,75.0219,,A,,,,,,0,,,,2,,IND_TOTAL,
DATAFLOW,OECD.STI.DEP:DSD_ICT_HH_IND@DF_IND(1.0),,I,CZE,,A,,D1H_I,,PT_POP,,_Z,,Y16T74,,_T,,_T,,_T,,_T,,2005,,3.4713,,A,,,,,,0,,,,2,,IND_TOTAL,
DATAFLOW,OECD.STI.DEP:DSD_ICT_HH_IND@DF_IND(1.0),,I,CZE,,A,,D1H_I,,PT_POP,,_Z,,Y16T74,,_T,,_T,,_T,,_T,,2006,,10.04,,A,,,,,,0,,,,2,,IND_TOTAL,
DATAFLOW,OECD.STI.DEP:DSD_ICT_HH_IND@DF_IND(1.0),,I,CZE,,A,,D1H_I,,PT_POP,,_Z,,Y16T74,,_T,,_T,,_T,,_T,,2007,,10.6977,,A,,,,,,0,,,,2,,IND_TOTAL,
DATAFLOW,OECD.STI.DEP:DSD_ICT_HH_IND@DF_IND(1.0),,I,CZE,,A,,D1H_I,,PT_POP,,_Z,,Y16T74,,_T,,_T,,_T,,_T,,2008,,14.1766,,A,,,,,,0,,,,2,,IND_TOTAL,
DATAFLOW,OECD.STI.DEP:DSD_ICT_HH_IND@DF_IND(1.0),,I,CZE,,A,,D1H_I,,PT_POP,,_Z,,Y16T74,,_T,,_T,,_T,,_T,,2009,,20.0843,,A,,,,,,0,,,,2,,IND_TOTAL,
DATAFLOW,OECD.STI.DEP:DSD_ICT_HH_IND@DF_IND(1.0),,I,CZE,,A,,D1H_I,,PT_POP,,_Z,,Y16T74,,_T,,_T,,_T,,_T,,2010,,20.5317,,A,,,,,,0,,,,2,,IND_TOTAL,
DATAFLOW,OECD.STI.DEP:DSD_ICT_HH_IND@DF_IND(1.0),,I,CZE,,A,,D1H_I,,PT_POP,,_Z,,Y16T74,,_T,,_T,,_T,,_T,,2011,,31.1703,,A,,,,,,0,,,,2,,IND_TOTAL,
DATAFLOW,OECD.STI.DEP:DSD_ICT_HH_IND@DF_IND(1.0),,I,CZE,,A,,D1H_I,,PT_POP,,_Z,,Y16T74,,_T,,_T,,_T,,_T,,2013,,40.5421,,A,,,,,,0,,,,2,,IND_TOTAL,
DATAFLOW,OECD.STI.DEP:DSD_ICT_HH_IND@DF_IND(1.0),,I,CZE,,A,,D1H_I,,PT_POP,,_Z,,Y16T74,,_T,,_T,,_T,,_T,,2015,,39.8679,,A,,,,,,0,,,,2,,IND_TOTAL,
DATAFLOW,OECD.STI.DEP:DSD_ICT_HH_IND@DF_IND(1.0),,I,CZE,,A,,D1H_I,,PT_POP,,_Z,,Y16T74,,_T,,_T,,_T,,_T,,2016,,45.7564,,A,,,,,,0,,,,2,,IND_TOTAL,
DATAFLOW,OECD.STI.DEP:DSD_ICT_HH_IND@DF_IND(1.0),,I,CZE,,A,,D1H_I,,PT_POP,,_Z,,Y16T74,,_T,,_T,,_T,,_T,,2017,,51.3891,,A,,,,,,0,,,,2,,IND_TOTAL,
DATAFLOW,OECD.STI.DEP:DSD_ICT_HH_IND@DF_IND(1.0),,I,CZE,,A,,D1H_I,,PT_POP,,_Z,,Y16T74,,_T,,_T,,_T,,_T,,2018,,55.0802,,A,,,,,,0,,,,2,,IND_TOTAL,
DATAFLOW,OECD.STI.DEP:DSD_ICT_HH_IND@DF_IND(1.0),,I,CZE,,A,,D1H_I,,PT_POP,,_Z,,Y16T74,,_T,,_T,,_T,,_T,,2019,,56.459,,A,,,,,,0,,,,2,,IND_TOTAL,
DATAFLOW,OECD.STI.DEP:DSD_ICT_HH_IND@DF_IND(1.0),,I,CZE,,A,,D1H_I,,PT_POP,,_Z,,Y16T74,,_T,,_T,,_T,,_T,,2020,,62.1029,,A,,,,,,0,,,,2,,IND_TOTAL,
DATAFLOW,OECD.STI.DEP:DSD_ICT_HH_IND@DF_IND(1.0),,I,CZE,,A,,D1H_I,,PT_POP,,_Z,,Y16T74,,_T,,_T,,_T,,_T,,2021,,63.7309,,A,,,,,,0,,,,2,,IND_TOTAL,
DATAFLOW,OECD.STI.DEP:DSD_ICT_HH_IND@DF_IND(1.0),,I,CZE,,A,,D1H_I,,PT_POP,,_Z,,Y16T74,,_T,,_T,,_T,,_T,,2022,,62.4436,,A,,,,,,0,,,,2,,IND_TOTAL,
DATAFLOW,OECD.STI.DEP:DSD_ICT_HH_IND@DF_IND(1.0),,I,CZE,,A,,D1H_I,,PT_POP,,_Z,,Y16T74,,_T,,_T,,_T,,_T,,2023,,64.154,,A,,,,,,0,,,,2,,IND_TOTAL,
DATAFLOW,OECD.STI.DEP:DSD_ICT_HH_IND@DF_IND(1.0),,I,NZL,,A,,D1H_I,,PT_POP,,_Z,,Y16T74,,_T,,_T,,_T,,_T,,2006,,21,,A,,,,,,0,,,,2,,IND_TOTAL,
DATAFLOW,OECD.STI.DEP:DSD_ICT_HH_IND@DF_IND(1.0),,I,NZL,,A,,D1H_I,,PT_POP,,_Z,,Y16T74,,_T,,_T,,_T,,_T,,2012,,43,,B,,D,,,,0,,,,2,,IND_TOTAL,
DATAFLOW,OECD.STI.DEP:DSD_ICT_HH_IND@DF_IND(1.0),,I,SVK,,A,,D1H_I,,PT_POP,,_Z,,Y16T74,,_T,,_T,,_T,,_T,,2005,,9.133,,A,,,,,,0,,,,2,,IND_TOTAL,
DATAFLOW,OECD.STI.DEP:DSD_ICT_HH_IND@DF_IND(1.0),,I,SVK,,A,,D1H_I,,PT_POP,,_Z,,Y16T74,,_T,,_T,,_T,,_T,,2006,,13.6262,,A,,,,,,0,,,,2,,IND_TOTAL,
DATAFLOW,OECD.STI.DEP:DSD_ICT_HH_IND@DF_IND(1.0),,I,SVK,,A,,D1H_I,,PT_POP,,_Z,,Y16T74,,_T,,_T,,_T,,_T,,2007,,16.4916,,A,,,,,,0,,,,2,,IND_TOTAL,
DATAFLOW,OECD.STI.DEP:DSD_ICT_HH_IND@DF_IND(1.0),,I,SVK,,A,,D1H_I,,PT_POP,,_Z,,Y16T74,,_T,,_T,,_T,,_T,,2008,,24.7656,,A,,,,,,0,,,,2,,IND_TOTAL,
DATAFLOW,OECD.STI.DEP:DSD_ICT_HH_IND@DF_IND(1.0),,I,SVK,,A,,D1H_I,,PT_POP,,_Z,,Y16T74,,_T,,_T,,_T,,_T,,2009,,29.9913,,A,,,,,,0,,,,2,,IND_TOTAL,
DATAFLOW,OECD.STI.DEP:DSD_ICT_HH_IND@DF_IND(1.0),,I,SVK,,A,,D1H_I,,PT_POP,,_Z,,Y16T74,,_T,,_T,,_T,,_T,,2010,,35.2463,,A,,,,,,0,,,,2,,IND_TOTAL,
DATAFLOW,OECD.STI.DEP:DSD_ICT_HH_IND@DF_IND(1.0),,I,SVK,,A,,D1H_I,,PT_POP,,_Z,,Y16T74,,_T,,_T,,_T,,_T,,2011,,37.9268,,A,,,,,,0,,,,2,,IND_TOTAL,
DATAFLOW,OECD.STI.DEP:DSD_ICT_HH_IND@DF_IND(1.0),,I,SVK,,A,,D1H_I,,PT_POP,,_Z,,Y16T74,,_T,,_T,,_T,,_T,,2013,,44.2113,,A,,,,,,0,,,,2,,IND_TOTAL,
DATAFLOW,OECD.STI.DEP:DSD_ICT_HH_IND@DF_IND(1.0),,I,SVK,,A,,D1H_I,,PT_POP,,_Z,,Y16T74,,_T,,_T,,_T,,_T,,2015,,46.5856,,A,,,,,,0,,,,2,,IND_TOTAL,
DATAFLOW,OECD.STI.DEP:DSD_ICT_HH_IND@DF_IND(1.0),,I,SVK,,A,,D1H_I,,PT_POP,,_Z,,Y16T74,,_T,,_T,,_T,,_T,,2016,,44.6534,,A,,,,,,0,,,,2,,IND_TOTAL,
DATAFLOW,OECD.STI.DEP:DSD_ICT_HH_IND@DF_IND(1.0),,I,SVK,,A,,D1H_I,,PT_POP,,_Z,,Y16T74,,_T,,_T,,_T,,_T,,2017,,49.8736,,A,,,,,,0,,,,2,,IND_TOTAL,
DATAFLOW,OECD.STI.DEP:DSD_ICT_HH_IND@DF_IND(1.0),,I,SVK,,A,,D1H_I,,PT_POP,,_Z,,Y16T74,,_T,,_T,,_T,,_T,,2018,,48.8035,,A,,,,,,0,,,,2,,IND_TOTAL,
DATAFLOW,OECD.STI.DEP:DSD_ICT_HH_IND@DF_IND(1.0),,I,SVK,,A,,D1H_I,,PT_POP,,_Z,,Y16T74,,_T,,_T,,_T,,_T,,2019,,52.6449,,A,,,,,,0,,,,2,,IND_TOTAL,
DATAFLOW,OECD.STI.DEP:DSD_ICT_HH_IND@DF_IND(1.0),,I,SVK,,A,,D1H_I,,PT_POP,,_Z,,Y16T74,,_T,,_T,,_T,,_T,,2020,,56.0112,,A,,,,,,0,,,,2,,IND_TOTAL,
DATAFLOW,OECD.STI.DEP:DSD_ICT_HH_IND@DF_IND(1.0),,I,SVK,,A,,D1H_I,,PT_POP,,_Z,,Y16T74,,_T,,_T,,_T,,_T,,2021,,55.5663,,A,,,,,,0,,,,2,,IND_TOTAL,
DATAFLOW,OECD.STI.DEP:DSD_ICT_HH_IND@DF_IND(1.0),,I,SVK,,A,,D1H_I,,PT_POP,,_Z,,Y16T74,,_T,,_T,,_T,,_T,,2022,,42.97,,A,,,,,,0,,,,2,,IND_TOTAL,
DATAFLOW,OECD.STI.DEP:DSD_ICT_HH_IND@DF_IND(1.0),,I,SVK,,A,,D1H_I,,PT_POP,,_Z,,Y16T74,,_T,,_T,,_T,,_T,,2023,,55.5828,,A,,,,,,0,,,,2,,IND_TOTAL,
DATAFLOW,OECD.STI.DEP:DSD_ICT_HH_IND@DF_IND(1.0),,I,CRI,,A,,D1H_I,,PT_POP,,_Z,,Y16T74,,_T,,_T,,_T,,_T,,2017,,49.3,,D,,,,,,0,,,,2,,IND_TOTAL,
DATAFLOW,OECD.STI.DEP:DSD_ICT_HH_IND@DF_IND(1.0),,I,CRI,,A,,D1H_I,,PT_POP,,_Z,,Y16T74,,_T,,_T,,_T,,_T,,2018,,43.9488312,,B,,D,,,,0,,,,2,,IND_TOTAL,
DATAFLOW,OECD.STI.DEP:DSD_ICT_HH_IND@DF_IND(1.0),,I,GRC,,A,,D1H_I,,PT_POP,,_Z,,Y16T74,,_T,,_T,,_T,,_T,,2005,,2.1608,,A,,,,,,0,,,,2,,IND_TOTAL,
DATAFLOW,OECD.STI.DEP:DSD_ICT_HH_IND@DF_IND(1.0),,I,GRC,,A,,D1H_I,,PT_POP,,_Z,,Y16T74,,_T,,_T,,_T,,_T,,2006,,5.5553,,A,,,,,,0,,,,2,,IND_TOTAL,
DATAFLOW,OECD.STI.DEP:DSD_ICT_HH_IND@DF_IND(1.0),,I,GRC,,A,,D1H_I,,PT_POP,,_Z,,Y16T74,,_T,,_T,,_T,,_T,,2007,,7.663,,A,,,,,,0,,,,2,,IND_TOTAL,
DATAFLOW,OECD.STI.DEP:DSD_ICT_HH_IND@DF_IND(1.0),,I,GRC,,A,,D1H_I,,PT_POP,,_Z,,Y16T74,,_T,,_T,,_T,,_T,,2008,,10.3549,,A,,,,,,0,,,,2,,IND_TOTAL,
DATAFLOW,OECD.STI.DEP:DSD_ICT_HH_IND@DF_IND(1.0),,I,GRC,,A,,D1H_I,,PT_POP,,_Z,,Y16T74,,_T,,_T,,_T,,_T,,2009,,14.9243,,A,,,,,,0,,,,2,,IND_TOTAL,
DATAFLOW,OECD.STI.DEP:DSD_ICT_HH_IND@DF_IND(1.0),,I,GRC,,A,,D1H_I,,PT_POP,,_Z,,Y16T74,,_T,,_T,,_T,,_T,,2010,,22.2743,,A,,,,,,0,,,,2,,IND_TOTAL,
DATAFLOW,OECD.STI.DEP:DSD_ICT_HH_IND@DF_IND(1.0),,I,GRC,,A,,D1H_I,,PT_POP,,_Z,,Y16T74,,_T,,_T,,_T,,_T,,2011,,30.2148,,A,,,,,,0,,,,2,,IND_TOTAL,
DATAFLOW,OECD.STI.DEP:DSD_ICT_HH_IND@DF_IND(1.0),,I,GRC,,A,,D1H_I,,PT_POP,,_Z,,Y16T74,,_T,,_T,,_T,,_T,,2013,,33.5421,,A,,,,,,0,,,,2,,IND_TOTAL,
DATAFLOW,OECD.STI.DEP:DSD_ICT_HH_IND@DF_IND(1.0),,I,GRC,,A,,D1H_I,,PT_POP,,_Z,,Y16T74,,_T,,_T,,_T,,_T,,2015,,37.1998,,A,,,,,,0,,,,2,,IND_TOTAL,
DATAFLOW,OECD.STI.DEP:DSD_ICT_HH_IND@DF_IND(1.0),,I,GRC,,A,,D1H_I,,PT_POP,,_Z,,Y16T74,,_T,,_T,,_T,,_T,,2016,,40.6398,,A,,,,,,0,,,,2,,IND_TOTAL,
DATAFLOW,OECD.STI.DEP:DSD_ICT_HH_IND@DF_IND(1.0),,I,GRC,,A,,D1H_I,,PT_POP,,_Z,,Y16T74,,_T,,_T,,_T,,_T,,2017,,47.2519,,A,,,,,,0,,,,2,,IND_TOTAL,
DATAFLOW,OECD.STI.DEP:DSD_ICT_HH_IND@DF_IND(1.0),,I,GRC,,A,,D1H_I,,PT_POP,,_Z,,Y16T74,,_T,,_T,,_T,,_T,,2018,,47.0894,,A,,,,,,0,,,,2,,IND_TOTAL,
DATAFLOW,OECD.STI.DEP:DSD_ICT_HH_IND@DF_IND(1.0),,I,GRC,,A,,D1H_I,,PT_POP,,_Z,,Y16T74,,_T,,_T,,_T,,_T,,2019,,49.8629,,A,,,,,,0,,,,2,,IND_TOTAL,
DATAFLOW,OECD.STI.DEP:DSD_ICT_HH_IND@DF_IND(1.0),,I,GRC,,A,,D1H_I,,PT_POP,,_Z,,Y16T74,,_T,,_T,,_T,,_T,,2020,,52.0181,,A,,,,,,0,,,,2,,IND_TOTAL,
DATAFLOW,OECD.STI.DEP:DSD_ICT_HH_IND@DF_IND(1.0),,I,GRC,,A,,D1H_I,,PT_POP,,_Z,,Y16T74,,_T,,_T,,_T,,_T,,2021,,58.5793,,A,,,,,,0,,,,2,,IND_TOTAL,
DATAFLOW,OECD.STI.DEP:DSD_ICT_HH_IND@DF_IND(1.0),,I,GRC,,A,,D1H_I,,PT_POP,,_Z,,Y16T74,,_T,,_T,,_T,,_T,,2022,,56.5983,,A,,,,,,0,,,,2,,IND_TOTAL,
DATAFLOW,OECD.STI.DEP:DSD_ICT_HH_IND@DF_IND(1.0),,I,GRC,,A,,D1H_I,,PT_POP,,_Z,,Y16T74,,_T,,_T,,_T,,_T,,2023,,48.6747,,A,,,,,,0,,,,2,,IND_TOTAL,
DATAFLOW,OECD.STI.DEP:DSD_ICT_HH_IND@DF_IND(1.0),,I,KOR,,A,,D1H_I,,PT_POP,,_Z,,Y16T74,,_T,,_T,,_T,,_T,,2005,,13.50029317,,D,,,,,,0,,,,2,,IND_TOTAL,
DATAFLOW,OECD.STI.DEP:DSD_ICT_HH_IND@DF_IND(1.0),,I,KOR,,A,,D1H_I,,PT_POP,,_Z,,Y16T74,,_T,,_T,,_T,,_T,,2006,,15.04895886,,D,,,,,,0,,,,2,,IND_TOTAL,
DATAFLOW,OECD.STI.DEP:DSD_ICT_HH_IND@DF_IND(1.0),,I,KOR,,A,,D1H_I,,PT_POP,,_Z,,Y16T74,,_T,,_T,,_T,,_T,,2007,,16.33010954,,D,,,,,,0,,,,2,,IND_TOTAL,
DATAFLOW,OECD.STI.DEP:DSD_ICT_HH_IND@DF_IND(1.0),,I,KOR,,A,,D1H_I,,PT_POP,,_Z,,Y16T74,,_T,,_T,,_T,,_T,,2008,,16.91122548,,D,,,,,,0,,,,2,,IND_TOTAL,
DATAFLOW,OECD.STI.DEP:DSD_ICT_HH_IND@DF_IND(1.0),,I,KOR,,A,,D1H_I,,PT_POP,,_Z,,Y16T74,,_T,,_T,,_T,,_T,,2009,,18.95794034,,D,,,,,,0,,,,2,,IND_TOTAL,
DATAFLOW,OECD.STI.DEP:DSD_ICT_HH_IND@DF_IND(1.0),,I,KOR,,A,,D1H_I,,PT_POP,,_Z,,Y16T74,,_T,,_T,,_T,,_T,,2010,,19.25492674,,D,,,,,,0,,,,2,,IND_TOTAL,
DATAFLOW,OECD.STI.DEP:DSD_ICT_HH_IND@DF_IND(1.0),,I,KOR,,A,,D1H_I,,PT_POP,,_Z,,Y16T74,,_T,,_T,,_T,,_T,,2011,,19.12394847,,D,,,,,,0,,,,2,,IND_TOTAL,
DATAFLOW,OECD.STI.DEP:DSD_ICT_HH_IND@DF_IND(1.0),,I,KOR,,A,,D1H_I,,PT_POP,,_Z,,Y16T74,,_T,,_T,,_T,,_T,,2012,,19.26670263,,D,,,,,,0,,,,2,,IND_TOTAL,
DATAFLOW,OECD.STI.DEP:DSD_ICT_HH_IND@DF_IND(1.0),,I,KOR,,A,,D1H_I,,PT_POP,,_Z,,Y16T74,,_T,,_T,,_T,,_T,,2013,,45.34886854,,D,,,,,,0,,,,2,,IND_TOTAL,
DATAFLOW,OECD.STI.DEP:DSD_ICT_HH_IND@DF_IND(1.0),,I,KOR,,A,,D1H_I,,PT_POP,,_Z,,Y16T74,,_T,,_T,,_T,,_T,,2014,,57.60417559,,D,,,,,,0,,,,2,,IND_TOTAL,
DATAFLOW,OECD.STI.DEP:DSD_ICT_HH_IND@DF_IND(1.0),,I,KOR,,A,,D1H_I,,PT_POP,,_Z,,Y16T74,,_T,,_T,,_T,,_T,,2015,,71.54744907,,D,,,,,,0,,,,2,,IND_TOTAL,
DATAFLOW,OECD.STI.DEP:DSD_ICT_HH_IND@DF_IND(1.0),,I,KOR,,A,,D1H_I,,PT_POP,,_Z,,Y16T74,,_T,,_T,,_T,,_T,,2016,,45.08793589,,D,,,,,,0,,,,2,,IND_TOTAL,
DATAFLOW,OECD.STI.DEP:DSD_ICT_HH_IND@DF_IND(1.0),,I,KOR,,A,,D1H_I,,PT_POP,,_Z,,Y16T74,,_T,,_T,,_T,,_T,,2017,,48.55283446,,D,,,,,,0,,,,2,,IND_TOTAL,
DATAFLOW,OECD.STI.DEP:DSD_ICT_HH_IND@DF_IND(1.0),,I,KOR,,A,,D1H_I,,PT_POP,,_Z,,Y16T74,,_T,,_T,,_T,,_T,,2018,,46.25720239,,D,,,,,,0,,,,2,,IND_TOTAL,
DATAFLOW,OECD.STI.DEP:DSD_ICT_HH_IND@DF_IND(1.0),,I,KOR,,A,,D1H_I,,PT_POP,,_Z,,Y16T74,,_T,,_T,,_T,,_T,,2019,,50.38397337,,D,,,,,,0,,,,2,,IND_TOTAL,
DATAFLOW,OECD.STI.DEP:DSD_ICT_HH_IND@DF_IND(1.0),,I,KOR,,A,,D1H_I,,PT_POP,,_Z,,Y16T74,,_T,,_T,,_T,,_T,,2020,,67.60770919,,D,,,,,,0,,,,2,,IND_TOTAL,
DATAFLOW,OECD.STI.DEP:DSD_ICT_HH_IND@DF_IND(1.0),,I,KOR,,A,,D1H_I,,PT_POP,,_Z,,Y16T74,,_T,,_T,,_T,,_T,,2021,,73.83518893,,A,,,,,,0,,,,2,,IND_TOTAL,
DATAFLOW,OECD.STI.DEP:DSD_ICT_HH_IND@DF_IND(1.0),,I,KOR,,A,,D1H_I,,PT_POP,,_Z,,Y16T74,,_T,,_T,,_T,,_T,,2022,,73.64046833,,A,,,,,,0,,,,2,,IND_TOTAL,
DATAFLOW,OECD.STI.DEP:DSD_ICT_HH_IND@DF_IND(1.0),,I,PRT,,A,,D1H_I,,PT_POP,,_Z,,Y16T74,,_T,,_T,,_T,,_T,,2005,,10.0268,,A,,,,,,0,,,,2,,IND_TOTAL,
DATAFLOW,OECD.STI.DEP:DSD_ICT_HH_IND@DF_IND(1.0),,I,PRT,,A,,D1H_I,,PT_POP,,_Z,,Y16T74,,_T,,_T,,_T,,_T,,2006,,13.8007,,A,,,,,,0,,,,2,,IND_TOTAL,
DATAFLOW,OECD.STI.DEP:DSD_ICT_HH_IND@DF_IND(1.0),,I,PRT,,A,,D1H_I,,PT_POP,,_Z,,Y16T74,,_T,,_T,,_T,,_T,,2007,,17.7785,,A,,,,,,0,,,,2,,IND_TOTAL,
DATAFLOW,OECD.STI.DEP:DSD_ICT_HH_IND@DF_IND(1.0),,I,PRT,,A,,D1H_I,,PT_POP,,_Z,,Y16T74,,_T,,_T,,_T,,_T,,2008,,21.581,,A,,,,,,0,,,,2,,IND_TOTAL,
DATAFLOW,OECD.STI.DEP:DSD_ICT_HH_IND@DF_IND(1.0),,I,PRT,,A,,D1H_I,,PT_POP,,_Z,,Y16T74,,_T,,_T,,_T,,_T,,2009,,28.3185,,A,,,,,,0,,,,2,,IND_TOTAL,
DATAFLOW,OECD.STI.DEP:DSD_ICT_HH_IND@DF_IND(1.0),,I,PRT,,A,,D1H_I,,PT_POP,,_Z,,Y16T74,,_T,,_T,,_T,,_T,,2010,,30.2601,,A,,,,,,0,,,,2,,IND_TOTAL,
DATAFLOW,OECD.STI.DEP:DSD_ICT_HH_IND@DF_IND(1.0),,I,PRT,,A,,D1H_I,,PT_POP,,_Z,,Y16T74,,_T,,_T,,_T,,_T,,2011,,36.3656,,A,,,,,,0,,,,2,,IND_TOTAL,
DATAFLOW,OECD.STI.DEP:DSD_ICT_HH_IND@DF_IND(1.0),,I,PRT,,A,,D1H_I,,PT_POP,,_Z,,Y16T74,,_T,,_T,,_T,,_T,,2013,,41.5063,,A,,,,,,0,,,,2,,IND_TOTAL,
DATAFLOW,OECD.STI.DEP:DSD_ICT_HH_IND@DF_IND(1.0),,I,PRT,,A,,D1H_I,,PT_POP,,_Z,,Y16T74,,_T,,_T,,_T,,_T,,2015,,47.2028,,A,,,,,,0,,,,2,,IND_TOTAL,
DATAFLOW,OECD.STI.DEP:DSD_ICT_HH_IND@DF_IND(1.0),,I,PRT,,A,,D1H_I,,PT_POP,,_Z,,Y16T74,,_T,,_T,,_T,,_T,,2016,,48.8855,,A,,,,,,0,,,,2,,IND_TOTAL,
DATAFLOW,OECD.STI.DEP:DSD_ICT_HH_IND@DF_IND(1.0),,I,PRT,,A,,D1H_I,,PT_POP,,_Z,,Y16T74,,_T,,_T,,_T,,_T,,2017,,50.6574,,A,,,,,,0,,,,2,,IND_TOTAL,
DATAFLOW,OECD.STI.DEP:DSD_ICT_HH_IND@DF_IND(1.0),,I,PRT,,A,,D1H_I,,PT_POP,,_Z,,Y16T74,,_T,,_T,,_T,,_T,,2018,,44.5873,,A,,,,,,0,,,,2,,IND_TOTAL,
DATAFLOW,OECD.STI.DEP:DSD_ICT_HH_IND@DF_IND(1.0),,I,PRT,,A,,D1H_I,,PT_POP,,_Z,,Y16T74,,_T,,_T,,_T,,_T,,2019,,49.4112,,A,,,,,,0,,,,2,,IND_TOTAL,
DATAFLOW,OECD.STI.DEP:DSD_ICT_HH_IND@DF_IND(1.0),,I,PRT,,A,,D1H_I,,PT_POP,,_Z,,Y16T74,,_T,,_T,,_T,,_T,,2020,,48.983,,A,,,,,,0,,,,2,,IND_TOTAL,
DATAFLOW,OECD.STI.DEP:DSD_ICT_HH_IND@DF_IND(1.0),,I,PRT,,A,,D1H_I,,PT_POP,,_Z,,Y16T74,,_T,,_T,,_T,,_T,,2021,,53.325,,A,,,,,,0,,,,2,,IND_TOTAL,
DATAFLOW,OECD.STI.DEP:DSD_ICT_HH_IND@DF_IND(1.0),,I,PRT,,A,,D1H_I,,PT_POP,,_Z,,Y16T74,,_T,,_T,,_T,,_T,,2022,,49.4629,,A,,,,,,0,,,,2,,IND_TOTAL,
DATAFLOW,OECD.STI.DEP:DSD_ICT_HH_IND@DF_IND(1.0),,I,PRT,,A,,D1H_I,,PT_POP,,_Z,,Y16T74,,_T,,_T,,_T,,_T,,2023,,54.5928,,A,,,,,,0,,,,2,,IND_TOTAL,
DATAFLOW,OECD.STI.DEP:DSD_ICT_HH_IND@DF_IND(1.0),,I,BRA,,A,,D1H_I,,PT_POP,,_Z,,Y16T74,,_T,,_T,,_T,,_T,,2008,,12.1,,A,,,,,,0,,,,2,,IND_TOTAL,
DATAFLOW,OECD.STI.DEP:DSD_ICT_HH_IND@DF_IND(1.0),,I,BRA,,A,,D1H_I,,PT_POP,,_Z,,Y16T74,,_T,,_T,,_T,,_T,,2009,,16.3,,A,,,,,,0,,,,2,,IND_TOTAL,
DATAFLOW,OECD.STI.DEP:DSD_ICT_HH_IND@DF_IND(1.0),,I,BRA,,A,,D1H_I,,PT_POP,,_Z,,Y16T74,,_T,,_T,,_T,,_T,,2010,,14.7,,A,,,,,,0,,,,2,,IND_TOTAL,
DATAFLOW,OECD.STI.DEP:DSD_ICT_HH_IND@DF_IND(1.0),,I,BRA,,A,,D1H_I,,PT_POP,,_Z,,Y16T74,,_T,,_T,,_T,,_T,,2011,,22.9,,B,,,,,,0,,,,2,,IND_TOTAL,
DATAFLOW,OECD.STI.DEP:DSD_ICT_HH_IND@DF_IND(1.0),,I,BRA,,A,,D1H_I,,PT_POP,,_Z,,Y16T74,,_T,,_T,,_T,,_T,,2012,,23.2,,A,,,,,,0,,,,2,,IND_TOTAL,
DATAFLOW,OECD.STI.DEP:DSD_ICT_HH_IND@DF_IND(1.0),,I,BRA,,A,,D1H_I,,PT_POP,,_Z,,Y16T74,,_T,,_T,,_T,,_T,,2013,,25.4,,A,,,,,,0,,,,2,,IND_TOTAL,
DATAFLOW,OECD.STI.DEP:DSD_ICT_HH_IND@DF_IND(1.0),,I,BRA,,A,,D1H_I,,PT_POP,,_Z,,Y16T74,,_T,,_T,,_T,,_T,,2014,,22.4,,A,,,,,,0,,,,2,,IND_TOTAL,
DATAFLOW,OECD.STI.DEP:DSD_ICT_HH_IND@DF_IND(1.0),,I,BRA,,A,,D1H_I,,PT_POP,,_Z,,Y16T74,,_T,,_T,,_T,,_T,,2015,,26.6,,A,,,,,,0,,,,2,,IND_TOTAL,
DATAFLOW,OECD.STI.DEP:DSD_ICT_HH_IND@DF_IND(1.0),,I,BRA,,A,,D1H_I,,PT_POP,,_Z,,Y16T74,,_T,,_T,,_T,,_T,,2016,,26.86698341,,A,,,,,,0,,,,2,,IND_TOTAL,
DATAFLOW,OECD.STI.DEP:DSD_ICT_HH_IND@DF_IND(1.0),,I,BRA,,A,,D1H_I,,PT_POP,,_Z,,Y16T74,,_T,,_T,,_T,,_T,,2017,,33.51863385,,A,,,,,,0,,,,2,,IND_TOTAL,
DATAFLOW,OECD.STI.DEP:DSD_ICT_HH_IND@DF_IND(1.0),,I,BRA,,A,,D1H_I,,PT_POP,,_Z,,Y16T74,,_T,,_T,,_T,,_T,,2018,,37.20921414,,A,,,,,,0,,,,2,,IND_TOTAL,
DATAFLOW,OECD.STI.DEP:DSD_ICT_HH_IND@DF_IND(1.0),,I,BRA,,A,,D1H_I,,PT_POP,,_Z,,Y16T74,,_T,,_T,,_T,,_T,,2019,,40.23944722,,A,,,,,,0,,,,2,,IND_TOTAL,
DATAFLOW,OECD.STI.DEP:DSD_ICT_HH_IND@DF_IND(1.0),,I,BRA,,A,,D1H_I,,PT_POP,,_Z,,Y16T74,,_T,,_T,,_T,,_T,,2020,,48.53,,D,,,,,,0,,,,2,,IND_TOTAL,
DATAFLOW,OECD.STI.DEP:DSD_ICT_HH_IND@DF_IND(1.0),,I,BRA,,A,,D1H_I,,PT_POP,,_Z,,Y16T74,,_T,,_T,,_T,,_T,,2021,,46.1,,A,,,,,,0,,,,2,,IND_TOTAL,
DATAFLOW,OECD.STI.DEP:DSD_ICT_HH_IND@DF_IND(1.0),,I,BRA,,A,,D1H_I,,PT_POP,,_Z,,Y16T74,,_T,,_T,,_T,,_T,,2022,,44.57,,A,,,,,,0,,,,2,,IND_TOTAL,
DATAFLOW,OECD.STI.DEP:DSD_ICT_HH_IND@DF_IND(1.0),,I,BRA,,A,,D1H_I,,PT_POP,,_Z,,Y16T74,,_T,,_T,,_T,,_T,,2023,,51.2,,A,,,,,,0,,,,2,,IND_TOTAL,
DATAFLOW,OECD.STI.DEP:DSD_ICT_HH_IND@DF_IND(1.0),,I,SVN,,A,,D1H_I,,PT_POP,,_Z,,Y16T74,,_T,,_T,,_T,,_T,,2005,,15.3678,,A,,,,,,0,,,,2,,IND_TOTAL,
DATAFLOW,OECD.STI.DEP:DSD_ICT_HH_IND@DF_IND(1.0),,I,SVN,,A,,D1H_I,,PT_POP,,_Z,,Y16T74,,_T,,_T,,_T,,_T,,2006,,21.7933,,A,,,,,,0,,,,2,,IND_TOTAL,
DATAFLOW,OECD.STI.DEP:DSD_ICT_HH_IND@DF_IND(1.0),,I,SVN,,A,,D1H_I,,PT_POP,,_Z,,Y16T74,,_T,,_T,,_T,,_T,,2007,,26.1351,,A,,,,,,0,,,,2,,IND_TOTAL,
DATAFLOW,OECD.STI.DEP:DSD_ICT_HH_IND@DF_IND(1.0),,I,SVN,,A,,D1H_I,,PT_POP,,_Z,,Y16T74,,_T,,_T,,_T,,_T,,2008,,27.4044,,A,,,,,,0,,,,2,,IND_TOTAL,
DATAFLOW,OECD.STI.DEP:DSD_ICT_HH_IND@DF_IND(1.0),,I,SVN,,A,,D1H_I,,PT_POP,,_Z,,Y16T74,,_T,,_T,,_T,,_T,,2009,,32.459,,A,,,,,,0,,,,2,,IND_TOTAL,
DATAFLOW,OECD.STI.DEP:DSD_ICT_HH_IND@DF_IND(1.0),,I,SVN,,A,,D1H_I,,PT_POP,,_Z,,Y16T74,,_T,,_T,,_T,,_T,,2010,,43.4083,,A,,,,,,0,,,,2,,IND_TOTAL,
DATAFLOW,OECD.STI.DEP:DSD_ICT_HH_IND@DF_IND(1.0),,I,SVN,,A,,D1H_I,,PT_POP,,_Z,,Y16T74,,_T,,_T,,_T,,_T,,2011,,47.0642,,A,,,,,,0,,,,2,,IND_TOTAL,
DATAFLOW,OECD.STI.DEP:DSD_ICT_HH_IND@DF_IND(1.0),,I,SVN,,A,,D1H_I,,PT_POP,,_Z,,Y16T74,,_T,,_T,,_T,,_T,,2013,,50.068,,A,,,,,,0,,,,2,,IND_TOTAL,
DATAFLOW,OECD.STI.DEP:DSD_ICT_HH_IND@DF_IND(1.0),,I,SVN,,A,,D1H_I,,PT_POP,,_Z,,Y16T74,,_T,,_T,,_T,,_T,,2015,,47.3102,,A,,,,,,0,,,,2,,IND_TOTAL,
DATAFLOW,OECD.STI.DEP:DSD_ICT_HH_IND@DF_IND(1.0),,I,SVN,,A,,D1H_I,,PT_POP,,_Z,,Y16T74,,_T,,_T,,_T,,_T,,2016,,48.3761,,A,,,,,,0,,,,2,,IND_TOTAL,
DATAFLOW,OECD.STI.DEP:DSD_ICT_HH_IND@DF_IND(1.0),,I,SVN,,A,,D1H_I,,PT_POP,,_Z,,Y16T74,,_T,,_T,,_T,,_T,,2017,,54.4973,,A,,,,,,0,,,,2,,IND_TOTAL,
DATAFLOW,OECD.STI.DEP:DSD_ICT_HH_IND@DF_IND(1.0),,I,SVN,,A,,D1H_I,,PT_POP,,_Z,,Y16T74,,_T,,_T,,_T,,_T,,2018,,48.34,,A,,,,,,0,,,,2,,IND_TOTAL,
DATAFLOW,OECD.STI.DEP:DSD_ICT_HH_IND@DF_IND(1.0),,I,SVN,,A,,D1H_I,,PT_POP,,_Z,,Y16T74,,_T,,_T,,_T,,_T,,2019,,48.0675,,A,,,,,,0,,,,2,,IND_TOTAL,
DATAFLOW,OECD.STI.DEP:DSD_ICT_HH_IND@DF_IND(1.0),,I,SVN,,A,,D1H_I,,PT_POP,,_Z,,Y16T74,,_T,,_T,,_T,,_T,,2020,,57.9091,,A,,,,,,0,,,,2,,IND_TOTAL,
DATAFLOW,OECD.STI.DEP:DSD_ICT_HH_IND@DF_IND(1.0),,I,SVN,,A,,D1H_I,,PT_POP,,_Z,,Y16T74,,_T,,_T,,_T,,_T,,2021,,54.2088,,A,,,,,,0,,,,2,,IND_TOTAL,
DATAFLOW,OECD.STI.DEP:DSD_ICT_HH_IND@DF_IND(1.0),,I,SVN,,A,,D1H_I,,PT_POP,,_Z,,Y16T74,,_T,,_T,,_T,,_T,,2022,,50.2216,,A,,,,,,0,,,,2,,IND_TOTAL,
DATAFLOW,OECD.STI.DEP:DSD_ICT_HH_IND@DF_IND(1.0),,I,SVN,,A,,D1H_I,,PT_POP,,_Z,,Y16T74,,_T,,_T,,_T,,_T,,2023,,51.3461,,A,,,,,,0,,,,2,,IND_TOTAL,
DATAFLOW,OECD.STI.DEP:DSD_ICT_HH_IND@DF_IND(1.0),,I,ISR,,A,,D1H_I,,PT_POP,,_Z,,Y16T74,,_T,,_T,,_T,,_T,,2017,,50,,D,,,,,,0,,,,2,,IND_TOTAL,
DATAFLOW,OECD.STI.DEP:DSD_ICT_HH_IND@DF_IND(1.0),,I,ISR,,A,,D1H_I,,PT_POP,,_Z,,Y16T74,,_T,,_T,,_T,,_T,,2020,,59.7,,D,,,,,,0,,,,2,,IND_TOTAL,
DATAFLOW,OECD.STI.DEP:DSD_ICT_HH_IND@DF_IND(1.0),,I,ISR,,A,,D1H_I,,PT_POP,,_Z,,Y16T74,,_T,,_T,,_T,,_T,,2021,,66.9,,D,,,,,,0,,,,2,,IND_TOTAL,
DATAFLOW,OECD.STI.DEP:DSD_ICT_HH_IND@DF_IND(1.0),,I,CAN,,A,,D1H_I,,PT_POP,,_Z,,Y16T74,,_T,,_T,,_T,,_T,,2005,,37.18,,A,,,,,,0,,,,2,,IND_TOTAL,
DATAFLOW,OECD.STI.DEP:DSD_ICT_HH_IND@DF_IND(1.0),,I,CAN,,A,,D1H_I,,PT_POP,,_Z,,Y16T74,,_T,,_T,,_T,,_T,,2007,,42.4,,A,,,,,,0,,,,2,,IND_TOTAL,
DATAFLOW,OECD.STI.DEP:DSD_ICT_HH_IND@DF_IND(1.0),,I,CAN,,A,,D1H_I,,PT_POP,,_Z,,Y16T74,,_T,,_T,,_T,,_T,,2009,,56.4,,A,,,,,,0,,,,2,,IND_TOTAL,
DATAFLOW,OECD.STI.DEP:DSD_ICT_HH_IND@DF_IND(1.0),,I,CAN,,A,,D1H_I,,PT_POP,,_Z,,Y16T74,,_T,,_T,,_T,,_T,,2010,,54.3,,B,,D,,,,0,,,,2,,IND_TOTAL,
DATAFLOW,OECD.STI.DEP:DSD_ICT_HH_IND@DF_IND(1.0),,I,CAN,,A,,D1H_I,,PT_POP,,_Z,,Y16T74,,_T,,_T,,_T,,_T,,2012,,58.7,,D,,,,,,0,,,,2,,IND_TOTAL,
DATAFLOW,OECD.STI.DEP:DSD_ICT_HH_IND@DF_IND(1.0),,I,CAN,,A,,D1H_I,,PT_POP,,_Z,,Y16T74,,_T,,_T,,_T,,_T,,2020,,72.1,,A,,,,,,0,,,,2,,IND_TOTAL,
DATAFLOW,OECD.STI.DEP:DSD_ICT_HH_IND@DF_IND(1.0),,I,CAN,,A,,D1H_I,,PT_POP,,_Z,,Y16T74,,_T,,_T,,_T,,_T,,2022,,72.37,,A,,,,,,0,,,,2,,IND_TOTAL,
DATAFLOW,OECD.STI.DEP:DSD_ICT_HH_IND@DF_IND(1.0),,I,MEX,,A,,D1H_I,,PT_POP,,_Z,,Y16T74,,_T,,_T,,_T,,_T,,2005,,1.123016319,,D,,,,,,0,,,,2,,IND_TOTAL,
DATAFLOW,OECD.STI.DEP:DSD_ICT_HH_IND@DF_IND(1.0),,I,MEX,,A,,D1H_I,,PT_POP,,_Z,,Y16T74,,_T,,_T,,_T,,_T,,2006,,2.047168585,,D,,,,,,0,,,,2,,IND_TOTAL,
DATAFLOW,OECD.STI.DEP:DSD_ICT_HH_IND@DF_IND(1.0),,I,MEX,,A,,D1H_I,,PT_POP,,_Z,,Y16T74,,_T,,_T,,_T,,_T,,2007,,1.796972061,,D,,,,,,0,,,,2,,IND_TOTAL,
DATAFLOW,OECD.STI.DEP:DSD_ICT_HH_IND@DF_IND(1.0),,I,MEX,,A,,D1H_I,,PT_POP,,_Z,,Y16T74,,_T,,_T,,_T,,_T,,2008,,1.16309768,,D,,,,,,0,,,,2,,IND_TOTAL,
DATAFLOW,OECD.STI.DEP:DSD_ICT_HH_IND@DF_IND(1.0),,I,MEX,,A,,D1H_I,,PT_POP,,_Z,,Y16T74,,_T,,_T,,_T,,_T,,2009,,1.228148167,,D,,,,,,0,,,,2,,IND_TOTAL,
DATAFLOW,OECD.STI.DEP:DSD_ICT_HH_IND@DF_IND(1.0),,I,MEX,,A,,D1H_I,,PT_POP,,_Z,,Y16T74,,_T,,_T,,_T,,_T,,2015,,29.15764519,,B,,,,,,0,,,,2,,IND_TOTAL,
DATAFLOW,OECD.STI.DEP:DSD_ICT_HH_IND@DF_IND(1.0),,I,MEX,,A,,D1H_I,,PT_POP,,_Z,,Y16T74,,_T,,_T,,_T,,_T,,2016,,27.29790521,,A,,,,,,0,,,,2,,IND_TOTAL,
DATAFLOW,OECD.STI.DEP:DSD_ICT_HH_IND@DF_IND(1.0),,I,MEX,,A,,D1H_I,,PT_POP,,_Z,,Y16T74,,_T,,_T,,_T,,_T,,2017,,42.29380018,,B,,,,,,0,,,,2,,IND_TOTAL,
DATAFLOW,OECD.STI.DEP:DSD_ICT_HH_IND@DF_IND(1.0),,I,MEX,,A,,D1H_I,,PT_POP,,_Z,,Y16T74,,_T,,_T,,_T,,_T,,2018,,43.65142063,,A,,,,,,0,,,,2,,IND_TOTAL,
DATAFLOW,OECD.STI.DEP:DSD_ICT_HH_IND@DF_IND(1.0),,I,MEX,,A,,D1H_I,,PT_POP,,_Z,,Y16T74,,_T,,_T,,_T,,_T,,2019,,49.14200573,,A,,,,,,0,,,,2,,IND_TOTAL,
DATAFLOW,OECD.STI.DEP:DSD_ICT_HH_IND@DF_IND(1.0),,I,MEX,,A,,D1H_I,,PT_POP,,_Z,,Y16T74,,_T,,_T,,_T,,_T,,2020,,49.36954235,,A,,,,,,0,,,,2,,IND_TOTAL,
DATAFLOW,OECD.STI.DEP:DSD_ICT_HH_IND@DF_IND(1.0),,I,MEX,,A,,D1H_I,,PT_POP,,_Z,,Y16T74,,_T,,_T,,_T,,_T,,2021,,54.16552853,,A,,,,,,0,,,,2,,IND_TOTAL,
DATAFLOW,OECD.STI.DEP:DSD_ICT_HH_IND@DF_IND(1.0),,I,MEX,,A,,D1H_I,,PT_POP,,_Z,,Y16T74,,_T,,_T,,_T,,_T,,2022,,53.24029529,,A,,,,,,0,,,,2,,IND_TOTAL,
DATAFLOW,OECD.STI.DEP:DSD_ICT_HH_IND@DF_IND(1.0),,I,FIN,,A,,D1H_I,,PT_POP,,_Z,,Y16T74,,_T,,_T,,_T,,_T,,2005,,38.971,,A,,,,,,0,,,,2,,IND_TOTAL,
DATAFLOW,OECD.STI.DEP:DSD_ICT_HH_IND@DF_IND(1.0),,I,FIN,,A,,D1H_I,,PT_POP,,_Z,,Y16T74,,_T,,_T,,_T,,_T,,2006,,43.643,,A,,,,,,0,,,,2,,IND_TOTAL,
DATAFLOW,OECD.STI.DEP:DSD_ICT_HH_IND@DF_IND(1.0),,I,FIN,,A,,D1H_I,,PT_POP,,_Z,,Y16T74,,_T,,_T,,_T,,_T,,2007,,47.1377,,A,,,,,,0,,,,2,,IND_TOTAL,
DATAFLOW,OECD.STI.DEP:DSD_ICT_HH_IND@DF_IND(1.0),,I,FIN,,A,,D1H_I,,PT_POP,,_Z,,Y16T74,,_T,,_T,,_T,,_T,,2008,,50.8465,,A,,,,,,0,,,,2,,IND_TOTAL,
DATAFLOW,OECD.STI.DEP:DSD_ICT_HH_IND@DF_IND(1.0),,I,FIN,,A,,D1H_I,,PT_POP,,_Z,,Y16T74,,_T,,_T,,_T,,_T,,2009,,56.2044,,A,,,,,,0,,,,2,,IND_TOTAL,
DATAFLOW,OECD.STI.DEP:DSD_ICT_HH_IND@DF_IND(1.0),,I,FIN,,A,,D1H_I,,PT_POP,,_Z,,Y16T74,,_T,,_T,,_T,,_T,,2010,,57.3734,,A,,,,,,0,,,,2,,IND_TOTAL,
DATAFLOW,OECD.STI.DEP:DSD_ICT_HH_IND@DF_IND(1.0),,I,FIN,,A,,D1H_I,,PT_POP,,_Z,,Y16T74,,_T,,_T,,_T,,_T,,2011,,58.32,,A,,,,,,0,,,,2,,IND_TOTAL,
DATAFLOW,OECD.STI.DEP:DSD_ICT_HH_IND@DF_IND(1.0),,I,FIN,,A,,D1H_I,,PT_POP,,_Z,,Y16T74,,_T,,_T,,_T,,_T,,2013,,60.1018,,A,,,,,,0,,,,2,,IND_TOTAL,
DATAFLOW,OECD.STI.DEP:DSD_ICT_HH_IND@DF_IND(1.0),,I,FIN,,A,,D1H_I,,PT_POP,,_Z,,Y16T74,,_T,,_T,,_T,,_T,,2015,,65.9104,,A,,,,,,0,,,,2,,IND_TOTAL,
DATAFLOW,OECD.STI.DEP:DSD_ICT_HH_IND@DF_IND(1.0),,I,FIN,,A,,D1H_I,,PT_POP,,_Z,,Y16T74,,_T,,_T,,_T,,_T,,2016,,64.587,,A,,,,,,0,,,,2,,IND_TOTAL,
DATAFLOW,OECD.STI.DEP:DSD_ICT_HH_IND@DF_IND(1.0),,I,FIN,,A,,D1H_I,,PT_POP,,_Z,,Y16T74,,_T,,_T,,_T,,_T,,2017,,68.5033,,A,,,,,,0,,,,2,,IND_TOTAL,
DATAFLOW,OECD.STI.DEP:DSD_ICT_HH_IND@DF_IND(1.0),,I,FIN,,A,,D1H_I,,PT_POP,,_Z,,Y16T74,,_T,,_T,,_T,,_T,,2018,,69.4343,,A,,,,,,0,,,,2,,IND_TOTAL,
DATAFLOW,OECD.STI.DEP:DSD_ICT_HH_IND@DF_IND(1.0),,I,FIN,,A,,D1H_I,,PT_POP,,_Z,,Y16T74,,_T,,_T,,_T,,_T,,2019,,76.3245,,A,,,,,,0,,,,2,,IND_TOTAL,
DATAFLOW,OECD.STI.DEP:DSD_ICT_HH_IND@DF_IND(1.0),,I,FIN,,A,,D1H_I,,PT_POP,,_Z,,Y16T74,,_T,,_T,,_T,,_T,,2020,,77.1541,,A,,,,,,0,,,,2,,IND_TOTAL,
DATAFLOW,OECD.STI.DEP:DSD_ICT_HH_IND@DF_IND(1.0),,I,FIN,,A,,D1H_I,,PT_POP,,_Z,,Y16T74,,_T,,_T,,_T,,_T,,2021,,79.6657,,A,,,,,,0,,,,2,,IND_TOTAL,
DATAFLOW,OECD.STI.DEP:DSD_ICT_HH_IND@DF_IND(1.0),,I,FIN,,A,,D1H_I,,PT_POP,,_Z,,Y16T74,,_T,,_T,,_T,,_T,,2022,,80.5016,,A,,,,,,0,,,,2,,IND_TOTAL,
DATAFLOW,OECD.STI.DEP:DSD_ICT_HH_IND@DF_IND(1.0),,I,FIN,,A,,D1H_I,,PT_POP,,_Z,,Y16T74,,_T,,_T,,_T,,_T,,2023,,82.6201,,A,,,,,,0,,,,2,,IND_TOTAL,
DATAFLOW,OECD.STI.DEP:DSD_ICT_HH_IND@DF_IND(1.0),,I,SWE,,A,,D1H_I,,PT_POP,,_Z,,Y16T74,,_T,,_T,,_T,,_T,,2005,,23.2107,,A,,,,,,0,,,,2,,IND_TOTAL,
DATAFLOW,OECD.STI.DEP:DSD_ICT_HH_IND@DF_IND(1.0),,I,SWE,,A,,D1H_I,,PT_POP,,_Z,,Y16T74,,_T,,_T,,_T,,_T,,2006,,28.4131,,A,,,,,,0,,,,2,,IND_TOTAL,
DATAFLOW,OECD.STI.DEP:DSD_ICT_HH_IND@DF_IND(1.0),,I,SWE,,A,,D1H_I,,PT_POP,,_Z,,Y16T74,,_T,,_T,,_T,,_T,,2007,,25.3737,,A,,,,,,0,,,,2,,IND_TOTAL,
DATAFLOW,OECD.STI.DEP:DSD_ICT_HH_IND@DF_IND(1.0),,I,SWE,,A,,D1H_I,,PT_POP,,_Z,,Y16T74,,_T,,_T,,_T,,_T,,2008,,32.4272,,A,,,,,,0,,,,2,,IND_TOTAL,
DATAFLOW,OECD.STI.DEP:DSD_ICT_HH_IND@DF_IND(1.0),,I,SWE,,A,,D1H_I,,PT_POP,,_Z,,Y16T74,,_T,,_T,,_T,,_T,,2009,,36.0137,,A,,,,,,0,,,,2,,IND_TOTAL,
DATAFLOW,OECD.STI.DEP:DSD_ICT_HH_IND@DF_IND(1.0),,I,SWE,,A,,D1H_I,,PT_POP,,_Z,,Y16T74,,_T,,_T,,_T,,_T,,2010,,40.4649,,A,,,,,,0,,,,2,,IND_TOTAL,
DATAFLOW,OECD.STI.DEP:DSD_ICT_HH_IND@DF_IND(1.0),,I,SWE,,A,,D1H_I,,PT_POP,,_Z,,Y16T74,,_T,,_T,,_T,,_T,,2011,,46.5641,,A,,,,,,0,,,,2,,IND_TOTAL,
DATAFLOW,OECD.STI.DEP:DSD_ICT_HH_IND@DF_IND(1.0),,I,SWE,,A,,D1H_I,,PT_POP,,_Z,,Y16T74,,_T,,_T,,_T,,_T,,2013,,55.8878,,A,,,,,,0,,,,2,,IND_TOTAL,
DATAFLOW,OECD.STI.DEP:DSD_ICT_HH_IND@DF_IND(1.0),,I,SWE,,A,,D1H_I,,PT_POP,,_Z,,Y16T74,,_T,,_T,,_T,,_T,,2015,,52.2773,,A,,,,,,0,,,,2,,IND_TOTAL,
DATAFLOW,OECD.STI.DEP:DSD_ICT_HH_IND@DF_IND(1.0),,I,SWE,,A,,D1H_I,,PT_POP,,_Z,,Y16T74,,_T,,_T,,_T,,_T,,2016,,60.4755,,B,,,,,,0,,,,2,,IND_TOTAL,
DATAFLOW,OECD.STI.DEP:DSD_ICT_HH_IND@DF_IND(1.0),,I,SWE,,A,,D1H_I,,PT_POP,,_Z,,Y16T74,,_T,,_T,,_T,,_T,,2017,,64.1326,,A,,,,,,0,,,,2,,IND_TOTAL,
DATAFLOW,OECD.STI.DEP:DSD_ICT_HH_IND@DF_IND(1.0),,I,SWE,,A,,D1H_I,,PT_POP,,_Z,,Y16T74,,_T,,_T,,_T,,_T,,2018,,62.4511,,A,,,,,,0,,,,2,,IND_TOTAL,
DATAFLOW,OECD.STI.DEP:DSD_ICT_HH_IND@DF_IND(1.0),,I,SWE,,A,,D1H_I,,PT_POP,,_Z,,Y16T74,,_T,,_T,,_T,,_T,,2019,,62.2401,,A,,,,,,0,,,,2,,IND_TOTAL,
DATAFLOW,OECD.STI.DEP:DSD_ICT_HH_IND@DF_IND(1.0),,I,SWE,,A,,D1H_I,,PT_POP,,_Z,,Y16T74,,_T,,_T,,_T,,_T,,2020,,67.346,,A,,,,,,0,,,,2,,IND_TOTAL,
DATAFLOW,OECD.STI.DEP:DSD_ICT_HH_IND@DF_IND(1.0),,I,SWE,,A,,D1H_I,,PT_POP,,_Z,,Y16T74,,_T,,_T,,_T,,_T,,2021,,67.5767,,A,,,,,,0,,,,2,,IND_TOTAL,
DATAFLOW,OECD.STI.DEP:DSD_ICT_HH_IND@DF_IND(1.0),,I,SWE,,A,,D1H_I,,PT_POP,,_Z,,Y16T74,,_T,,_T,,_T,,_T,,2022,,66.6742,,A,,,,,,0,,,,2,,IND_TOTAL,
DATAFLOW,OECD.STI.DEP:DSD_ICT_HH_IND@DF_IND(1.0),,I,SWE,,A,,D1H_I,,PT_POP,,_Z,,Y16T74,,_T,,_T,,_T,,_T,,2023,,69.4221,,A,,,,,,0,,,,2,,IND_TOTAL,
DATAFLOW,OECD.STI.DEP:DSD_ICT_HH_IND@DF_IND(1.0),,I,POL,,A,,D1H_I,,PT_POP,,_Z,,Y16T74,,_T,,_T,,_T,,_T,,2005,,7.1422,,A,,,,,,0,,,,2,,IND_TOTAL,
DATAFLOW,OECD.STI.DEP:DSD_ICT_HH_IND@DF_IND(1.0),,I,POL,,A,,D1H_I,,PT_POP,,_Z,,Y16T74,,_T,,_T,,_T,,_T,,2006,,10.9118,,A,,,,,,0,,,,2,,IND_TOTAL,
DATAFLOW,OECD.STI.DEP:DSD_ICT_HH_IND@DF_IND(1.0),,I,POL,,A,,D1H_I,,PT_POP,,_Z,,Y16T74,,_T,,_T,,_T,,_T,,2007,,12.7561,,A,,,,,,0,,,,2,,IND_TOTAL,
DATAFLOW,OECD.STI.DEP:DSD_ICT_HH_IND@DF_IND(1.0),,I,POL,,A,,D1H_I,,PT_POP,,_Z,,Y16T74,,_T,,_T,,_T,,_T,,2008,,18.6394,,A,,,,,,0,,,,2,,IND_TOTAL,
DATAFLOW,OECD.STI.DEP:DSD_ICT_HH_IND@DF_IND(1.0),,I,POL,,A,,D1H_I,,PT_POP,,_Z,,Y16T74,,_T,,_T,,_T,,_T,,2009,,22.3512,,A,,,,,,0,,,,2,,IND_TOTAL,
DATAFLOW,OECD.STI.DEP:DSD_ICT_HH_IND@DF_IND(1.0),,I,POL,,A,,D1H_I,,PT_POP,,_Z,,Y16T74,,_T,,_T,,_T,,_T,,2010,,25.3349,,A,,,,,,0,,,,2,,IND_TOTAL,
DATAFLOW,OECD.STI.DEP:DSD_ICT_HH_IND@DF_IND(1.0),,I,POL,,A,,D1H_I,,PT_POP,,_Z,,Y16T74,,_T,,_T,,_T,,_T,,2011,,23.4152,,A,,,,,,0,,,,2,,IND_TOTAL,
DATAFLOW,OECD.STI.DEP:DSD_ICT_HH_IND@DF_IND(1.0),,I,POL,,A,,D1H_I,,PT_POP,,_Z,,Y16T74,,_T,,_T,,_T,,_T,,2013,,26.5613,,A,,,,,,0,,,,2,,IND_TOTAL,
DATAFLOW,OECD.STI.DEP:DSD_ICT_HH_IND@DF_IND(1.0),,I,POL,,A,,D1H_I,,PT_POP,,_Z,,Y16T74,,_T,,_T,,_T,,_T,,2015,,28.3035,,A,,,,,,0,,,,2,,IND_TOTAL,
DATAFLOW,OECD.STI.DEP:DSD_ICT_HH_IND@DF_IND(1.0),,I,POL,,A,,D1H_I,,PT_POP,,_Z,,Y16T74,,_T,,_T,,_T,,_T,,2016,,40.3162,,A,,,,,,0,,,,2,,IND_TOTAL,
DATAFLOW,OECD.STI.DEP:DSD_ICT_HH_IND@DF_IND(1.0),,I,POL,,A,,D1H_I,,PT_POP,,_Z,,Y16T74,,_T,,_T,,_T,,_T,,2017,,44.9988,,A,,,,,,0,,,,2,,IND_TOTAL,
DATAFLOW,OECD.STI.DEP:DSD_ICT_HH_IND@DF_IND(1.0),,I,POL,,A,,D1H_I,,PT_POP,,_Z,,Y16T74,,_T,,_T,,_T,,_T,,2018,,47.6711,,A,,,,,,0,,,,2,,IND_TOTAL,
DATAFLOW,OECD.STI.DEP:DSD_ICT_HH_IND@DF_IND(1.0),,I,POL,,A,,D1H_I,,PT_POP,,_Z,,Y16T74,,_T,,_T,,_T,,_T,,2019,,47.3992,,A,,,,,,0,,,,2,,IND_TOTAL,
DATAFLOW,OECD.STI.DEP:DSD_ICT_HH_IND@DF_IND(1.0),,I,POL,,A,,D1H_I,,PT_POP,,_Z,,Y16T74,,_T,,_T,,_T,,_T,,2020,,42.8123,,A,,,,,,0,,,,2,,IND_TOTAL,
DATAFLOW,OECD.STI.DEP:DSD_ICT_HH_IND@DF_IND(1.0),,I,POL,,A,,D1H_I,,PT_POP,,_Z,,Y16T74,,_T,,_T,,_T,,_T,,2021,,46.8236,,A,,,,,,0,,,,2,,IND_TOTAL,
DATAFLOW,OECD.STI.DEP:DSD_ICT_HH_IND@DF_IND(1.0),,I,POL,,A,,D1H_I,,PT_POP,,_Z,,Y16T74,,_T,,_T,,_T,,_T,,2022,,52.0155,,A,,,,,,0,,,,2,,IND_TOTAL,
DATAFLOW,OECD.STI.DEP:DSD_ICT_HH_IND@DF_IND(1.0),,I,POL,,A,,D1H_I,,PT_POP,,_Z,,Y16T74,,_T,,_T,,_T,,_T,,2023,,52.9625,,A,,,,,,0,,,,2,,IND_TOTAL,
DATAFLOW,OECD.STI.DEP:DSD_ICT_HH_IND@DF_IND(1.0),,I,ROU,,A,,D1H_I,,PT_POP,,_Z,,Y16T74,,_T,,_T,,_T,,_T,,2006,,5.0801,,A,,,,,,0,,,,2,,IND_TOTAL,
DATAFLOW,OECD.STI.DEP:DSD_ICT_HH_IND@DF_IND(1.0),,I,ROU,,A,,D1H_I,,PT_POP,,_Z,,Y16T74,,_T,,_T,,_T,,_T,,2007,,6.2903,,A,,,,,,0,,,,2,,IND_TOTAL,
DATAFLOW,OECD.STI.DEP:DSD_ICT_HH_IND@DF_IND(1.0),,I,ROU,,A,,D1H_I,,PT_POP,,_Z,,Y16T74,,_T,,_T,,_T,,_T,,2008,,11.3246,,A,,,,,,0,,,,2,,IND_TOTAL,
DATAFLOW,OECD.STI.DEP:DSD_ICT_HH_IND@DF_IND(1.0),,I,ROU,,A,,D1H_I,,PT_POP,,_Z,,Y16T74,,_T,,_T,,_T,,_T,,2009,,15.5192,,A,,,,,,0,,,,2,,IND_TOTAL,
DATAFLOW,OECD.STI.DEP:DSD_ICT_HH_IND@DF_IND(1.0),,I,ROU,,A,,D1H_I,,PT_POP,,_Z,,Y16T74,,_T,,_T,,_T,,_T,,2010,,19.1345,,A,,,,,,0,,,,2,,IND_TOTAL,
DATAFLOW,OECD.STI.DEP:DSD_ICT_HH_IND@DF_IND(1.0),,I,ROU,,A,,D1H_I,,PT_POP,,_Z,,Y16T74,,_T,,_T,,_T,,_T,,2011,,28.5164,,A,,,,,,0,,,,2,,IND_TOTAL,
DATAFLOW,OECD.STI.DEP:DSD_ICT_HH_IND@DF_IND(1.0),,I,ROU,,A,,D1H_I,,PT_POP,,_Z,,Y16T74,,_T,,_T,,_T,,_T,,2013,,26.6636,,A,,,,,,0,,,,2,,IND_TOTAL,
DATAFLOW,OECD.STI.DEP:DSD_ICT_HH_IND@DF_IND(1.0),,I,ROU,,A,,D1H_I,,PT_POP,,_Z,,Y16T74,,_T,,_T,,_T,,_T,,2015,,26.5707,,A,,,,,,0,,,,2,,IND_TOTAL,
DATAFLOW,OECD.STI.DEP:DSD_ICT_HH_IND@DF_IND(1.0),,I,ROU,,A,,D1H_I,,PT_POP,,_Z,,Y16T74,,_T,,_T,,_T,,_T,,2016,,28.8527,,A,,,,,,0,,,,2,,IND_TOTAL,
DATAFLOW,OECD.STI.DEP:DSD_ICT_HH_IND@DF_IND(1.0),,I,ROU,,A,,D1H_I,,PT_POP,,_Z,,Y16T74,,_T,,_T,,_T,,_T,,2017,,32.6008,,A,,,,,,0,,,,2,,IND_TOTAL,
DATAFLOW,OECD.STI.DEP:DSD_ICT_HH_IND@DF_IND(1.0),,I,ROU,,A,,D1H_I,,PT_POP,,_Z,,Y16T74,,_T,,_T,,_T,,_T,,2018,,30.7006,,A,,,,,,0,,,,2,,IND_TOTAL,
DATAFLOW,OECD.STI.DEP:DSD_ICT_HH_IND@DF_IND(1.0),,I,ROU,,A,,D1H_I,,PT_POP,,_Z,,Y16T74,,_T,,_T,,_T,,_T,,2019,,31.2001,,A,,,,,,0,,,,2,,IND_TOTAL,
DATAFLOW,OECD.STI.DEP:DSD_ICT_HH_IND@DF_IND(1.0),,I,ROU,,A,,D1H_I,,PT_POP,,_Z,,Y16T74,,_T,,_T,,_T,,_T,,2020,,28.1161,,A,,,,,,0,,,,2,,IND_TOTAL,
DATAFLOW,OECD.STI.DEP:DSD_ICT_HH_IND@DF_IND(1.0),,I,ROU,,A,,D1H_I,,PT_POP,,_Z,,Y16T74,,_T,,_T,,_T,,_T,,2021,,40.044,,A,,,,,,0,,,,2,,IND_TOTAL,
DATAFLOW,OECD.STI.DEP:DSD_ICT_HH_IND@DF_IND(1.0),,I,ROU,,A,,D1H_I,,PT_POP,,_Z,,Y16T74,,_T,,_T,,_T,,_T,,2022,,28.9178,,A,,,,,,0,,,,2,,IND_TOTAL,
DATAFLOW,OECD.STI.DEP:DSD_ICT_HH_IND@DF_IND(1.0),,I,ROU,,A,,D1H_I,,PT_POP,,_Z,,Y16T74,,_T,,_T,,_T,,_T,,2023,,46.1287,,A,,,,,,0,,,,2,,IND_TOTAL,
DATAFLOW,OECD.STI.DEP:DSD_ICT_HH_IND@DF_IND(1.0),,I,BGR,,A,,D1H_I,,PT_POP,,_Z,,Y16T74,,_T,,_T,,_T,,_T,,2006,,4.9117,,A,,,,,,0,,,,2,,IND_TOTAL,
DATAFLOW,OECD.STI.DEP:DSD_ICT_HH_IND@DF_IND(1.0),,I,BGR,,A,,D1H_I,,PT_POP,,_Z,,Y16T74,,_T,,_T,,_T,,_T,,2007,,5.0269,,A,,,,,,0,,,,2,,IND_TOTAL,
DATAFLOW,OECD.STI.DEP:DSD_ICT_HH_IND@DF_IND(1.0),,I,BGR,,A,,D1H_I,,PT_POP,,_Z,,Y16T74,,_T,,_T,,_T,,_T,,2008,,6.8327,,A,,,,,,0,,,,2,,IND_TOTAL,
DATAFLOW,OECD.STI.DEP:DSD_ICT_HH_IND@DF_IND(1.0),,I,BGR,,A,,D1H_I,,PT_POP,,_Z,,Y16T74,,_T,,_T,,_T,,_T,,2009,,9.8004,,A,,,,,,0,,,,2,,IND_TOTAL,
DATAFLOW,OECD.STI.DEP:DSD_ICT_HH_IND@DF_IND(1.0),,I,BGR,,A,,D1H_I,,PT_POP,,_Z,,Y16T74,,_T,,_T,,_T,,_T,,2010,,13.48,,A,,,,,,0,,,,2,,IND_TOTAL,
DATAFLOW,OECD.STI.DEP:DSD_ICT_HH_IND@DF_IND(1.0),,I,BGR,,A,,D1H_I,,PT_POP,,_Z,,Y16T74,,_T,,_T,,_T,,_T,,2011,,23.6778,,A,,,,,,0,,,,2,,IND_TOTAL,
DATAFLOW,OECD.STI.DEP:DSD_ICT_HH_IND@DF_IND(1.0),,I,BGR,,A,,D1H_I,,PT_POP,,_Z,,Y16T74,,_T,,_T,,_T,,_T,,2013,,27.206,,A,,,,,,0,,,,2,,IND_TOTAL,
DATAFLOW,OECD.STI.DEP:DSD_ICT_HH_IND@DF_IND(1.0),,I,BGR,,A,,D1H_I,,PT_POP,,_Z,,Y16T74,,_T,,_T,,_T,,_T,,2015,,27.8774,,A,,,,,,0,,,,2,,IND_TOTAL,
DATAFLOW,OECD.STI.DEP:DSD_ICT_HH_IND@DF_IND(1.0),,I,BGR,,A,,D1H_I,,PT_POP,,_Z,,Y16T74,,_T,,_T,,_T,,_T,,2016,,23.8894,,A,,,,,,0,,,,2,,IND_TOTAL,
DATAFLOW,OECD.STI.DEP:DSD_ICT_HH_IND@DF_IND(1.0),,I,BGR,,A,,D1H_I,,PT_POP,,_Z,,Y16T74,,_T,,_T,,_T,,_T,,2017,,33.6481,,A,,,,,,0,,,,2,,IND_TOTAL,
DATAFLOW,OECD.STI.DEP:DSD_ICT_HH_IND@DF_IND(1.0),,I,BGR,,A,,D1H_I,,PT_POP,,_Z,,Y16T74,,_T,,_T,,_T,,_T,,2018,,24.7347,,A,,,,,,0,,,,2,,IND_TOTAL,
DATAFLOW,OECD.STI.DEP:DSD_ICT_HH_IND@DF_IND(1.0),,I,BGR,,A,,D1H_I,,PT_POP,,_Z,,Y16T74,,_T,,_T,,_T,,_T,,2019,,30.3852,,A,,,,,,0,,,,2,,IND_TOTAL,
DATAFLOW,OECD.STI.DEP:DSD_ICT_HH_IND@DF_IND(1.0),,I,BGR,,A,,D1H_I,,PT_POP,,_Z,,Y16T74,,_T,,_T,,_T,,_T,,2020,,28.8118,,A,,,,,,0,,,,2,,IND_TOTAL,
DATAFLOW,OECD.STI.DEP:DSD_ICT_HH_IND@DF_IND(1.0),,I,BGR,,A,,D1H_I,,PT_POP,,_Z,,Y16T74,,_T,,_T,,_T,,_T,,2021,,36.0232,,A,,,,,,0,,,,2,,IND_TOTAL,
DATAFLOW,OECD.STI.DEP:DSD_ICT_HH_IND@DF_IND(1.0),,I,BGR,,A,,D1H_I,,PT_POP,,_Z,,Y16T74,,_T,,_T,,_T,,_T,,2022,,39.0878,,A,,,,,,0,,,,2,,IND_TOTAL,
DATAFLOW,OECD.STI.DEP:DSD_ICT_HH_IND@DF_IND(1.0),,I,BGR,,A,,D1H_I,,PT_POP,,_Z,,Y16T74,,_T,,_T,,_T,,_T,,2023,,43.1361,,A,,,,,,0,,,,2,,IND_TOTAL,
DATAFLOW,OECD.STI.DEP:DSD_ICT_HH_IND@DF_IND(1.0),,I,AUT,,A,,D1H_I,,PT_POP,,_Z,,Y16T74,,_T,,_T,,_T,,_T,,2005,,16.0251,,A,,,,,,0,,,,2,,IND_TOTAL,
DATAFLOW,OECD.STI.DEP:DSD_ICT_HH_IND@DF_IND(1.0),,I,AUT,,A,,D1H_I,,PT_POP,,_Z,,Y16T74,,_T,,_T,,_T,,_T,,2006,,24.2833,,A,,,,,,0,,,,2,,IND_TOTAL,
DATAFLOW,OECD.STI.DEP:DSD_ICT_HH_IND@DF_IND(1.0),,I,AUT,,A,,D1H_I,,PT_POP,,_Z,,Y16T74,,_T,,_T,,_T,,_T,,2007,,27.3594,,A,,,,,,0,,,,2,,IND_TOTAL,
DATAFLOW,OECD.STI.DEP:DSD_ICT_HH_IND@DF_IND(1.0),,I,AUT,,A,,D1H_I,,PT_POP,,_Z,,Y16T74,,_T,,_T,,_T,,_T,,2008,,32.4633,,A,,,,,,0,,,,2,,IND_TOTAL,
DATAFLOW,OECD.STI.DEP:DSD_ICT_HH_IND@DF_IND(1.0),,I,AUT,,A,,D1H_I,,PT_POP,,_Z,,Y16T74,,_T,,_T,,_T,,_T,,2009,,35.7459,,A,,,,,,0,,,,2,,IND_TOTAL,
DATAFLOW,OECD.STI.DEP:DSD_ICT_HH_IND@DF_IND(1.0),,I,AUT,,A,,D1H_I,,PT_POP,,_Z,,Y16T74,,_T,,_T,,_T,,_T,,2010,,37.4271,,A,,,,,,0,,,,2,,IND_TOTAL,
DATAFLOW,OECD.STI.DEP:DSD_ICT_HH_IND@DF_IND(1.0),,I,AUT,,A,,D1H_I,,PT_POP,,_Z,,Y16T74,,_T,,_T,,_T,,_T,,2011,,52.5195,,A,,,,,,0,,,,2,,IND_TOTAL,
DATAFLOW,OECD.STI.DEP:DSD_ICT_HH_IND@DF_IND(1.0),,I,AUT,,A,,D1H_I,,PT_POP,,_Z,,Y16T74,,_T,,_T,,_T,,_T,,2013,,48.9173,,A,,,,,,0,,,,2,,IND_TOTAL,
DATAFLOW,OECD.STI.DEP:DSD_ICT_HH_IND@DF_IND(1.0),,I,AUT,,A,,D1H_I,,PT_POP,,_Z,,Y16T74,,_T,,_T,,_T,,_T,,2015,,53.8163,,A,,,,,,0,,,,2,,IND_TOTAL,
DATAFLOW,OECD.STI.DEP:DSD_ICT_HH_IND@DF_IND(1.0),,I,AUT,,A,,D1H_I,,PT_POP,,_Z,,Y16T74,,_T,,_T,,_T,,_T,,2016,,55.9454,,A,,,,,,0,,,,2,,IND_TOTAL,
DATAFLOW,OECD.STI.DEP:DSD_ICT_HH_IND@DF_IND(1.0),,I,AUT,,A,,D1H_I,,PT_POP,,_Z,,Y16T74,,_T,,_T,,_T,,_T,,2017,,53.7481,,A,,,,,,0,,,,2,,IND_TOTAL,
DATAFLOW,OECD.STI.DEP:DSD_ICT_HH_IND@DF_IND(1.0),,I,AUT,,A,,D1H_I,,PT_POP,,_Z,,Y16T74,,_T,,_T,,_T,,_T,,2018,,51.6747,,A,,,,,,0,,,,2,,IND_TOTAL,
DATAFLOW,OECD.STI.DEP:DSD_ICT_HH_IND@DF_IND(1.0),,I,AUT,,A,,D1H_I,,PT_POP,,_Z,,Y16T74,,_T,,_T,,_T,,_T,,2019,,53.2432,,A,,,,,,0,,,,2,,IND_TOTAL,
DATAFLOW,OECD.STI.DEP:DSD_ICT_HH_IND@DF_IND(1.0),,I,AUT,,A,,D1H_I,,PT_POP,,_Z,,Y16T74,,_T,,_T,,_T,,_T,,2020,,56.2577,,A,,,,,,0,,,,2,,IND_TOTAL,
DATAFLOW,OECD.STI.DEP:DSD_ICT_HH_IND@DF_IND(1.0),,I,AUT,,A,,D1H_I,,PT_POP,,_Z,,Y16T74,,_T,,_T,,_T,,_T,,2021,,60.0628,,A,,,,,,0,,,,2,,IND_TOTAL,
DATAFLOW,OECD.STI.DEP:DSD_ICT_HH_IND@DF_IND(1.0),,I,AUT,,A,,D1H_I,,PT_POP,,_Z,,Y16T74,,_T,,_T,,_T,,_T,,2022,,62.8242,,A,,,,,,0,,,,2,,IND_TOTAL,
DATAFLOW,OECD.STI.DEP:DSD_ICT_HH_IND@DF_IND(1.0),,I,AUT,,A,,D1H_I,,PT_POP,,_Z,,Y16T74,,_T,,_T,,_T,,_T,,2023,,64.2456,,A,,,,,,0,,,,2,,IND_TOTAL,
DATAFLOW,OECD.STI.DEP:DSD_ICT_HH_IND@DF_IND(1.0),,I,DEU,,A,,D1H_I,,PT_POP,,_Z,,Y16T74,,_T,,_T,,_T,,_T,,2006,,34.2261,,A,,,,,,0,,,,2,,IND_TOTAL,
DATAFLOW,OECD.STI.DEP:DSD_ICT_HH_IND@DF_IND(1.0),,I,DEU,,A,,D1H_I,,PT_POP,,_Z,,Y16T74,,_T,,_T,,_T,,_T,,2007,,40.8646,,A,,,,,,0,,,,2,,IND_TOTAL,
DATAFLOW,OECD.STI.DEP:DSD_ICT_HH_IND@DF_IND(1.0),,I,DEU,,A,,D1H_I,,PT_POP,,_Z,,Y16T74,,_T,,_T,,_T,,_T,,2008,,40.5718,,A,,,,,,0,,,,2,,IND_TOTAL,
DATAFLOW,OECD.STI.DEP:DSD_ICT_HH_IND@DF_IND(1.0),,I,DEU,,A,,D1H_I,,PT_POP,,_Z,,Y16T74,,_T,,_T,,_T,,_T,,2009,,47.5969,,A,,,,,,0,,,,2,,IND_TOTAL,
DATAFLOW,OECD.STI.DEP:DSD_ICT_HH_IND@DF_IND(1.0),,I,DEU,,A,,D1H_I,,PT_POP,,_Z,,Y16T74,,_T,,_T,,_T,,_T,,2010,,47.9182,,A,,,,,,0,,,,2,,IND_TOTAL,
DATAFLOW,OECD.STI.DEP:DSD_ICT_HH_IND@DF_IND(1.0),,I,DEU,,A,,D1H_I,,PT_POP,,_Z,,Y16T74,,_T,,_T,,_T,,_T,,2011,,53.8519,,A,,,,,,0,,,,2,,IND_TOTAL,
DATAFLOW,OECD.STI.DEP:DSD_ICT_HH_IND@DF_IND(1.0),,I,DEU,,A,,D1H_I,,PT_POP,,_Z,,Y16T74,,_T,,_T,,_T,,_T,,2013,,58.3457,,A,,,,,,0,,,,2,,IND_TOTAL,
DATAFLOW,OECD.STI.DEP:DSD_ICT_HH_IND@DF_IND(1.0),,I,DEU,,A,,D1H_I,,PT_POP,,_Z,,Y16T74,,_T,,_T,,_T,,_T,,2015,,61.6874,,A,,,,,,0,,,,2,,IND_TOTAL,
DATAFLOW,OECD.STI.DEP:DSD_ICT_HH_IND@DF_IND(1.0),,I,DEU,,A,,D1H_I,,PT_POP,,_Z,,Y16T74,,_T,,_T,,_T,,_T,,2016,,63.0663,,A,,,,,,0,,,,2,,IND_TOTAL,
DATAFLOW,OECD.STI.DEP:DSD_ICT_HH_IND@DF_IND(1.0),,I,DEU,,A,,D1H_I,,PT_POP,,_Z,,Y16T74,,_T,,_T,,_T,,_T,,2017,,63.4219,,A,,,,,,0,,,,2,,IND_TOTAL,
DATAFLOW,OECD.STI.DEP:DSD_ICT_HH_IND@DF_IND(1.0),,I,DEU,,A,,D1H_I,,PT_POP,,_Z,,Y16T74,,_T,,_T,,_T,,_T,,2018,,64.1299,,A,,,,,,0,,,,2,,IND_TOTAL,
DATAFLOW,OECD.STI.DEP:DSD_ICT_HH_IND@DF_IND(1.0),,I,DEU,,A,,D1H_I,,PT_POP,,_Z,,Y16T74,,_T,,_T,,_T,,_T,,2019,,66.4937,,A,,,,,,0,,,,2,,IND_TOTAL,
DATAFLOW,OECD.STI.DEP:DSD_ICT_HH_IND@DF_IND(1.0),,I,DEU,,A,,D1H_I,,PT_POP,,_Z,,Y16T74,,_T,,_T,,_T,,_T,,2020,,70.1334,,A,,,,,,0,,,,2,,IND_TOTAL,
DATAFLOW,OECD.STI.DEP:DSD_ICT_HH_IND@DF_IND(1.0),,I,DEU,,A,,D1H_I,,PT_POP,,_Z,,Y16T74,,_T,,_T,,_T,,_T,,2021,,44.7705,,B,,,,,,0,,,,2,,IND_TOTAL,
DATAFLOW,OECD.STI.DEP:DSD_ICT_HH_IND@DF_IND(1.0),,I,DEU,,A,,D1H_I,,PT_POP,,_Z,,Y16T74,,_T,,_T,,_T,,_T,,2022,,36.5557,,A,,,,,,0,,,,2,,IND_TOTAL,
DATAFLOW,OECD.STI.DEP:DSD_ICT_HH_IND@DF_IND(1.0),,I,DEU,,A,,D1H_I,,PT_POP,,_Z,,Y16T74,,_T,,_T,,_T,,_T,,2023,,46.2522,,A,,,,,,0,,,,2,,IND_TOTAL,
DATAFLOW,OECD.STI.DEP:DSD_ICT_HH_IND@DF_IND(1.0),,I,CHL,,A,,D1H_I,,PT_POP,,_Z,,Y16T74,,_T,,_T,,_T,,_T,,2013,,12.39461054,,A,,,,,,0,,,,2,,IND_TOTAL,
DATAFLOW,OECD.STI.DEP:DSD_ICT_HH_IND@DF_IND(1.0),,I,CHL,,A,,D1H_I,,PT_POP,,_Z,,Y16T74,,_T,,_T,,_T,,_T,,2014,,14.33138298,,B,,,,,,0,,,,2,,IND_TOTAL,
DATAFLOW,OECD.STI.DEP:DSD_ICT_HH_IND@DF_IND(1.0),,I,CHL,,A,,D1H_I,,PT_POP,,_Z,,Y16T74,,_T,,_T,,_T,,_T,,2015,,20.52424008,,A,,,,,,0,,,,2,,IND_TOTAL,
DATAFLOW,OECD.STI.DEP:DSD_ICT_HH_IND@DF_IND(1.0),,I,CHL,,A,,D1H_I,,PT_POP,,_Z,,Y16T74,,_T,,_T,,_T,,_T,,2016,,30.22629665,,A,,,,,,0,,,,2,,IND_TOTAL,
DATAFLOW,OECD.STI.DEP:DSD_ICT_HH_IND@DF_IND(1.0),,I,CHL,,A,,D1H_I,,PT_POP,,_Z,,Y16T74,,_T,,_T,,_T,,_T,,2017,,27.47763889,,A,,,,,,0,,,,2,,IND_TOTAL,
DATAFLOW,OECD.STI.DEP:DSD_ICT_HH_IND@DF_IND(1.0),,I,USA,,A,,D1H_I,,PT_POP,,_Z,,Y16T74,,_T,,_T,,_T,,_T,,2013,,7.57,,D,,,,,,0,,,,2,,IND_TOTAL,
DATAFLOW,OECD.STI.DEP:DSD_ICT_HH_IND@DF_IND(1.0),,I,USA,,A,,D1H_I,,PT_POP,,_Z,,Y16T74,,_T,,_T,,_T,,_T,,2015,,38.325303,,D,,,,,,0,,,,2,,IND_TOTAL,
DATAFLOW,OECD.STI.DEP:DSD_ICT_HH_IND@DF_IND(1.0),,I,LTU,,A,,D1H_I,,PT_POP,,_Z,,Y16T74,,_T,,_T,,_T,,_T,,2005,,8.5267,,A,,,,,,0,,,,2,,IND_TOTAL,
DATAFLOW,OECD.STI.DEP:DSD_ICT_HH_IND@DF_IND(1.0),,I,LTU,,A,,D1H_I,,PT_POP,,_Z,,Y16T74,,_T,,_T,,_T,,_T,,2006,,15.3569,,A,,,,,,0,,,,2,,IND_TOTAL,
DATAFLOW,OECD.STI.DEP:DSD_ICT_HH_IND@DF_IND(1.0),,I,LTU,,A,,D1H_I,,PT_POP,,_Z,,Y16T74,,_T,,_T,,_T,,_T,,2007,,19.1775,,A,,,,,,0,,,,2,,IND_TOTAL,
DATAFLOW,OECD.STI.DEP:DSD_ICT_HH_IND@DF_IND(1.0),,I,LTU,,A,,D1H_I,,PT_POP,,_Z,,Y16T74,,_T,,_T,,_T,,_T,,2008,,21.4349,,A,,,,,,0,,,,2,,IND_TOTAL,
DATAFLOW,OECD.STI.DEP:DSD_ICT_HH_IND@DF_IND(1.0),,I,LTU,,A,,D1H_I,,PT_POP,,_Z,,Y16T74,,_T,,_T,,_T,,_T,,2009,,28.593,,A,,,,,,0,,,,2,,IND_TOTAL,
DATAFLOW,OECD.STI.DEP:DSD_ICT_HH_IND@DF_IND(1.0),,I,LTU,,A,,D1H_I,,PT_POP,,_Z,,Y16T74,,_T,,_T,,_T,,_T,,2010,,30.6769,,A,,,,,,0,,,,2,,IND_TOTAL,
DATAFLOW,OECD.STI.DEP:DSD_ICT_HH_IND@DF_IND(1.0),,I,LTU,,A,,D1H_I,,PT_POP,,_Z,,Y16T74,,_T,,_T,,_T,,_T,,2011,,37.2059,,A,,,,,,0,,,,2,,IND_TOTAL,
DATAFLOW,OECD.STI.DEP:DSD_ICT_HH_IND@DF_IND(1.0),,I,LTU,,A,,D1H_I,,PT_POP,,_Z,,Y16T74,,_T,,_T,,_T,,_T,,2013,,40.7033,,A,,,,,,0,,,,2,,IND_TOTAL,
DATAFLOW,OECD.STI.DEP:DSD_ICT_HH_IND@DF_IND(1.0),,I,LTU,,A,,D1H_I,,PT_POP,,_Z,,Y16T74,,_T,,_T,,_T,,_T,,2015,,45.6737,,A,,,,,,0,,,,2,,IND_TOTAL,
DATAFLOW,OECD.STI.DEP:DSD_ICT_HH_IND@DF_IND(1.0),,I,LTU,,A,,D1H_I,,PT_POP,,_Z,,Y16T74,,_T,,_T,,_T,,_T,,2016,,44.5228,,A,,,,,,0,,,,2,,IND_TOTAL,
DATAFLOW,OECD.STI.DEP:DSD_ICT_HH_IND@DF_IND(1.0),,I,LTU,,A,,D1H_I,,PT_POP,,_Z,,Y16T74,,_T,,_T,,_T,,_T,,2017,,55.1382,,A,,,,,,0,,,,2,,IND_TOTAL,
DATAFLOW,OECD.STI.DEP:DSD_ICT_HH_IND@DF_IND(1.0),,I,LTU,,A,,D1H_I,,PT_POP,,_Z,,Y16T74,,_T,,_T,,_T,,_T,,2018,,54.1338,,A,,,,,,0,,,,2,,IND_TOTAL,
DATAFLOW,OECD.STI.DEP:DSD_ICT_HH_IND@DF_IND(1.0),,I,LTU,,A,,D1H_I,,PT_POP,,_Z,,Y16T74,,_T,,_T,,_T,,_T,,2019,,60.6347,,A,,,,,,0,,,,2,,IND_TOTAL,
DATAFLOW,OECD.STI.DEP:DSD_ICT_HH_IND@DF_IND(1.0),,I,LTU,,A,,D1H_I,,PT_POP,,_Z,,Y16T74,,_T,,_T,,_T,,_T,,2020,,57.0995,,A,,,,,,0,,,,2,,IND_TOTAL,
DATAFLOW,OECD.STI.DEP:DSD_ICT_HH_IND@DF_IND(1.0),,I,LTU,,A,,D1H_I,,PT_POP,,_Z,,Y16T74,,_T,,_T,,_T,,_T,,2021,,65.1067,,A,,,,,,0,,,,2,,IND_TOTAL,
DATAFLOW,OECD.STI.DEP:DSD_ICT_HH_IND@DF_IND(1.0),,I,LTU,,A,,D1H_I,,PT_POP,,_Z,,Y16T74,,_T,,_T,,_T,,_T,,2022,,61.8905,,A,,,,,,0,,,,2,,IND_TOTAL,
DATAFLOW,OECD.STI.DEP:DSD_ICT_HH_IND@DF_IND(1.0),,I,LTU,,A,,D1H_I,,PT_POP,,_Z,,Y16T74,,_T,,_T,,_T,,_T,,2023,,66.6618,,A,,,,,,0,,,,2,,IND_TOTAL,
